id,units_sold
212645,11.944732
212646,11.944732
212647,12.219962
212648,12.266689
212649,12.219962
212653,12.331612
212654,12.053067
212657,12.923354
212658,12.694349
212661,11.79453
212662,11.79453
212663,11.778824
212666,11.79453
212667,11.841257
212668,12.06976
212671,14.592219
212672,12.18141
212673,11.902865
212674,15.279163
212675,11.584181
212676,12.796053
212677,12.679384
212678,12.773152
212679,12.579115
212681,12.824602
212682,12.758247
212683,11.43411
212686,14.287293
212687,14.287293
212688,10.959951
212689,10.782053
212691,11.79453
212692,11.841257
212693,12.06976
212694,14.99759
212695,14.99759
212696,14.689608
212697,12.18141
212698,11.902865
212699,15.279163
212700,11.459729
212701,11.4084425
212702,12.546497
212703,12.773152
212704,12.5441475
212705,13.945096
212706,12.824602
212707,13.802307
212709,11.4084425
212710,13.140613
212711,12.684602
212712,14.437495
212713,11.301598
212716,12.266689
212717,12.219962
212718,11.480456
212719,11.564443
212721,12.331612
212722,11.859497
212723,15.429365
212724,11.558644
212725,11.558644
212727,12.696699
212728,12.958322
212729,12.729317
212731,12.974804
212732,13.952509
212734,11.558644
212735,12.014655
212736,11.558644
212737,11.705591
212738,15.2854595
212739,11.753287
212740,10.932255
212742,11.937583
212743,12.152592
212744,11.743476
212748,11.30835
212749,12.165523
212750,15.168388
212751,11.558644
212752,11.558644
212754,12.775323
212755,12.896821
212756,12.463476
212757,14.095298
212758,12.974804
212759,12.908449
212760,10.312187
212761,12.684732
212763,11.742818
212764,11.944732
212765,15.080629
212767,12.219962
212768,12.266689
212769,12.219962
212772,14.742421
212773,12.331612
212774,12.053067
212775,15.429365
212776,11.558644
212777,11.558644
212778,12.829586
212779,12.923354
212782,14.018864
212783,13.952509
212787,11.79453
212788,11.79453
212789,11.778824
212790,11.121049
212792,12.06976
212793,12.1164875
212794,12.06976
212796,12.18141
212797,12.18141
212798,15.279163
212799,11.584181
212800,11.584181
212802,12.679384
212803,12.773152
212805,14.120834
212806,13.868662
212807,13.802307
212809,11.43411
212812,11.151396
212816,11.79453
212817,11.841257
212818,12.06976
212819,11.414241
212820,11.414241
212821,14.689608
212822,12.18141
212823,11.709295
212824,15.279163
212825,11.635468
212826,11.635468
212828,12.546497
212829,12.80812
212830,12.579115
212831,13.166128
212832,12.824602
212833,12.758247
212834,11.151396
212835,11.151396
212837,11.79453
212838,11.841257
212839,12.01843
212840,14.99759
212843,12.143266
212844,11.709295
212845,15.279163
212846,11.388239
212849,12.769976
212850,12.579115
212853,13.802307
212856,11.151396
212857,11.13569
212860,12.06976
212861,11.841257
212862,12.06976
212863,11.414241
212866,12.18141
212867,11.709295
212868,15.279163
212869,11.635468
212870,11.388239
212872,12.546497
212873,12.80812
212874,12.579115
212875,14.120834
212876,13.868662
212877,12.758247
212879,11.584181
212880,13.316351
212881,11.584181
212884,11.79453
212885,11.841257
212886,12.06976
212888,11.470662
212889,12.18141
212890,11.902865
212891,15.279163
212892,12.546497
212893,12.773152
212896,13.868662
212899,10.957791
212900,11.79453
212901,11.841257
212902,12.06976
212903,11.414241
212905,12.18141
212906,11.902865
212907,12.143266
212910,12.546497
212911,12.773152
212914,12.758247
212915,11.79453
212916,11.79453
212917,11.778824
212919,12.06976
212920,12.1164875
212921,12.06976
212924,12.18141
212925,11.902865
212926,15.279163
212927,11.584181
212929,12.546497
212930,15.64388
212931,12.5441475
212932,14.105491
212933,13.868662
212934,12.758247
212935,11.43411
212936,11.151396
212937,11.79453
212938,11.778824
212940,12.06976
212941,12.1164875
212942,12.06976
212946,12.18141
212947,11.902865
212948,15.279163
212949,12.679384
212950,12.773152
212951,12.5441475
212952,14.120834
212954,12.758247
212955,11.151396
212956,11.151396
212959,11.841257
212960,12.06976
212964,12.18141
212965,11.709295
212966,15.279163
212967,11.635468
212968,11.635468
212969,12.546497
212970,12.80812
212971,12.579115
212973,13.868662
212974,12.758247
212977,11.151396
212978,11.151396
212979,11.13569
212981,11.79453
212982,11.841257
212983,12.06976
212984,14.99759
212985,14.99759
212986,14.689608
212987,12.18141
212988,11.902865
212989,15.279163
212990,11.635468
212991,11.388239
212993,12.546497
212994,12.773152
212995,12.5441475
212996,13.166128
212997,13.868662
212998,12.758247
212999,10.337477
213001,11.151396
213002,11.151396
213006,11.841257
213007,12.06976
213011,12.18141
213012,11.709295
213013,15.279163
213016,12.80812
213017,12.579115
213020,13.802307
213021,14.287293
213022,14.287293
213023,13.144335
213025,12.06976
213026,12.1164875
213027,12.06976
213031,12.18141
213032,11.902865
213033,15.279163
213034,11.584181
213035,11.584181
213036,12.679384
213037,12.769976
213038,12.579115
213039,14.120834
213040,13.868662
213041,12.758247
213043,11.43411
213048,14.930428
213049,14.930428
213050,11.778824
213053,12.06976
213054,12.1164875
213055,12.06976
213056,14.212727
213059,12.18141
213060,11.902865
213061,12.143266
213064,12.679384
213065,12.80812
213066,12.579115
213068,13.868662
213069,13.802307
213070,13.252064
213072,11.151396
213073,11.151396
213074,11.13569
213076,11.79453
213077,11.841257
213078,12.06976
213079,11.414241
213080,11.414241
213081,11.56805
213082,12.18141
213083,11.709295
213084,15.279163
213085,11.584181
213086,11.388239
213087,12.546497
213088,12.80812
213089,12.579115
213090,14.120834
213091,13.868662
213092,13.802307
213093,10.337477
213094,11.584181
213096,11.584181
213097,11.151396
213098,11.151396
213100,11.79453
213101,11.841257
213102,12.06976
213103,11.330255
213105,14.689608
213106,12.18141
213107,11.709295
213108,15.279163
213109,12.546497
213110,12.80812
213111,12.579115
213113,13.868662
213114,13.802307
213115,11.79453
213123,12.773152
213127,11.79453
213128,11.79453
213129,11.778824
213131,12.06976
213132,12.1164875
213133,12.06976
213135,12.18141
213136,11.902865
213137,15.279163
213138,11.584181
213140,12.679384
213141,12.773152
213142,12.540971
213145,13.802307
213147,11.43411
213148,14.287293
213149,11.151396
213150,11.79453
213151,11.841257
213152,12.06976
213153,11.470662
213154,12.18141
213155,11.709295
213156,15.279163
213157,11.584181
213158,11.584181
213159,12.546497
213160,12.80812
213161,12.579115
213162,13.166128
213163,13.868662
213164,12.758247
213167,12.040192
213168,11.584181
213169,14.930428
213170,14.930428
213171,13.144335
213174,12.06976
213175,12.1164875
213176,12.06976
213179,11.470662
213180,12.18141
213181,11.902865
213182,12.143266
213183,11.584181
213187,12.546497
213188,12.773152
213189,12.540971
213191,12.824602
213192,12.758247
213194,11.43411
213195,12.224365
213197,11.151396
213199,11.79453
213200,11.841257
213202,14.927944
213204,12.18141
213205,11.709295
213206,15.279163
213207,12.546497
213208,12.80812
213209,12.579115
213215,11.79453
213216,11.79453
213217,11.778824
213219,11.79453
213220,12.1164875
213221,12.06976
213225,12.18141
213226,11.902865
213227,15.279163
213230,12.679384
213231,12.773152
213233,14.120834
213235,13.802307
213236,11.43411
213238,11.79453
213239,11.79453
213240,11.778824
213241,12.06976
213242,12.1164875
213243,12.06976
213245,12.18141
213246,11.902865
213247,15.279163
213248,11.584181
213249,11.584181
213250,12.679384
213251,12.773152
213252,12.5441475
213254,13.868662
213255,13.802307
213256,10.337477
213257,11.43411
213260,12.1164875
213265,12.18141
213268,12.546497
213269,12.80812
213270,12.540971
213273,13.802307
213275,11.151396
213276,11.13569
213278,11.382779
213279,11.79453
213280,11.841257
213281,12.06976
213282,11.091169
213283,14.99759
213285,12.18141
213286,11.902865
213287,15.279163
213288,11.635468
213289,11.584181
213292,12.546497
213293,12.773152
213294,12.5441475
213296,13.868662
213297,13.802307
213301,11.151396
213303,11.077583
213304,11.79453
213305,11.841257
213306,12.06976
213308,14.99759
213309,14.689608
213310,12.18141
213311,11.902865
213312,15.279163
213314,11.577361
213315,12.546497
213316,12.773152
213317,12.5441475
213320,14.930428
213321,14.930428
213322,11.720717
213325,12.06976
213326,12.1164875
213327,12.06976
213330,14.592219
213331,12.18141
213332,11.902865
213333,12.143266
213334,11.526074
213335,11.526074
213336,12.679384
213337,12.773152
213338,12.5441475
213340,13.810555
213341,13.802307
213343,11.376003
213346,11.151396
213347,11.151396
213348,11.077583
213351,11.79453
213352,11.841257
213353,12.01843
213354,11.414241
213355,14.99759
213356,14.689608
213357,12.18141
213358,11.709295
213359,15.279163
213360,11.3301325
213361,11.577361
213363,12.80812
213364,12.579115
213365,14.062728
213366,13.810555
213367,13.802307
213369,14.243443
213370,14.243443
213371,11.033732
213372,11.750679
213373,11.797406
213374,11.974579
213375,11.649866
213376,11.37039
213377,11.5241995
213378,12.137559
213379,11.665444
213380,15.235312
213381,11.53351
213382,11.53351
213383,12.502646
213384,12.764269
213385,12.535264
213387,12.722645
213388,13.758456
213390,11.4822235
213391,11.107545
213392,11.107545
213394,11.750679
213395,11.797406
213396,12.025909
213399,12.137559
213400,11.8590145
213401,15.235312
213403,12.502646
213404,12.729301
213408,13.758456
213409,11.4822235
213410,12.134421
213411,11.4822235
213412,11.107545
213413,11.107545
213414,11.033732
213415,11.750679
213416,11.797406
213417,12.025909
213418,14.953739
213419,11.37039
213420,11.747356
213421,12.099415
213422,11.8590145
213423,15.235312
213425,11.4822235
213426,12.502646
213427,12.729301
213428,12.500297
213431,13.758456
213432,11.4822235
213434,11.4822235
213435,11.750679
213436,14.886577
213437,11.676867
213439,12.025909
213440,12.072637
213441,12.025909
213444,14.548368
213445,12.137559
213446,11.8590145
213447,15.235312
213448,12.635533
213449,12.764269
213454,11.750679
213455,11.750679
213456,12.025909
213457,12.072637
213458,12.025909
213461,12.137559
213462,11.8590145
213463,15.235312
213466,12.635533
213467,12.729301
213471,11.332152
213472,11.750679
213473,11.750679
213474,11.676867
213476,12.025909
213477,12.072637
213478,12.025909
213479,12.137559
213480,11.8590145
213481,15.235312
213484,12.635533
213485,12.729301
213486,12.500297
213488,13.766705
213489,13.758456
213490,11.332152
213491,13.346293
213494,11.107545
213495,11.107545
213496,11.750679
213497,11.797406
213502,12.137559
213503,11.665444
213505,12.502646
213506,12.764269
213507,12.535264
213510,11.107545
213511,11.107545
213512,11.750679
213514,11.974579
213516,12.137559
213517,11.665444
213518,15.235312
213519,11.53351
213520,11.53351
213521,12.502646
213522,12.764269
213523,12.535264
213526,13.758456
213528,12.134421
213530,14.243443
213531,14.243443
213532,12.399243
213533,10.855834
213535,11.750679
213536,11.797406
213537,12.025909
213538,14.953739
213540,14.645757
213541,12.137559
213542,11.665444
213543,15.235312
213545,11.53351
213546,12.502646
213547,12.764269
213548,12.535264
213550,13.766705
213551,12.714396
213554,11.107545
213559,11.797406
213560,12.025909
213561,14.953739
213562,14.953739
213563,14.645757
213564,12.137559
213565,11.8590145
213566,15.235312
213567,15.6735115
213568,12.645315
213572,13.758456
213573,11.107545
213574,11.107545
213575,11.033732
213576,12.025909
213577,11.797406
213578,12.025909
213579,14.168876
213580,14.645757
213581,12.099415
213582,11.665444
213583,15.235312
213584,11.53351
213587,12.764269
213588,12.535264
213591,13.758456
213593,11.107545
213594,11.107545
213597,11.750679
213598,11.797406
213599,12.025909
213600,14.834695
213601,11.37039
213602,14.548368
213603,12.137559
213604,11.8590145
213605,15.235312
213606,11.4822235
213607,11.53351
213608,12.502646
213609,12.729301
213610,12.500297
213612,13.766705
213613,12.714396
213614,12.758383
213615,14.886577
213616,14.886577
213617,11.676867
213619,11.750679
213620,12.072637
213621,12.025909
213624,11.426811
213625,12.137559
213626,11.8590145
213627,15.235312
213630,12.635533
213631,12.645315
213635,13.758456
213639,11.107545
213640,11.107545
213641,11.033732
213643,11.750679
213644,11.797406
213645,12.025909
213648,12.137559
213649,11.8590145
213650,15.235312
213651,11.53351
213652,11.286282
213653,12.502646
213654,12.729301
213658,13.968396
213660,11.107545
213661,11.107545
213663,10.995913
213664,11.750679
213665,11.797406
213666,12.025909
213669,12.137559
213670,11.8590145
213671,15.235312
213673,12.502646
213674,12.729301
213675,12.500297
213678,13.758456
213681,11.107545
213682,11.107545
213683,11.033732
213685,11.750679
213686,11.797406
213687,12.025909
213688,14.884093
213689,14.953739
213690,14.645757
213691,12.137559
213692,11.8590145
213693,15.235312
213694,11.53351
213696,12.502646
213697,12.729301
213698,12.500297
213699,14.018877
213700,13.766705
213701,13.758456
213703,11.750679
213704,11.750679
213707,12.025909
213708,12.072637
213709,12.025909
213711,12.137559
213712,11.8590145
213713,15.235312
213716,12.635533
213720,13.758456
213723,14.512029
213724,13.868895
213725,11.266624
213727,11.651361
213728,11.698089
213729,11.651361
213733,11.727317
213734,11.448772
213735,14.82507
213736,12.225291
213737,12.319059
213738,12.0900545
213741,12.434355
213743,11.750679
213744,11.750679
213745,11.676867
213748,12.025909
213749,12.072637
213750,12.025909
213752,12.137559
213753,11.8590145
213754,15.235312
213755,12.694096
213756,12.694096
213758,12.635533
213759,12.729301
213760,12.41631
213761,14.018877
213762,13.766705
213763,13.758456
213764,10.35333
213765,11.332152
213768,14.886577
213769,14.886577
213770,13.042377
213771,11.019092
213773,12.025909
213774,12.072637
213775,12.025909
213779,12.137559
213780,11.8590145
213781,15.235312
213782,11.4822235
213783,11.4822235
213785,12.502646
213786,12.729301
213787,12.49712
213788,14.018877
213789,13.766705
213790,13.758456
213792,11.332152
213796,11.107545
213797,11.107545
213798,10.998038
213799,10.960218
213800,11.750679
213801,11.797406
213802,12.025909
213805,12.101865
213806,11.62975
213807,15.199618
213808,11.497816
213809,12.466952
213811,12.49957
213814,13.722762
213816,10.903864
213817,10.903864
213819,11.651361
213820,11.422858
213821,11.651361
213824,11.727317
213825,11.255202
213826,14.82507
213829,12.092404
213830,12.354027
213831,12.125022
213833,13.486663
213834,12.434355
213835,11.376131
213838,11.698089
213840,11.727317
213842,11.727317
213844,12.319059
213848,11.618393
213849,11.618393
213850,11.508886
213851,11.893623
213852,11.940351
213853,11.893623
213857,11.969579
213858,11.691034
213859,15.067332
213860,11.314243
213861,11.314243
213862,12.467553
213863,12.561321
213865,13.981097
213866,13.728925
213867,13.720676
213870,11.618393
213871,11.618393
213874,11.893623
213875,11.940351
213878,11.969579
213879,11.691034
213880,15.067332
213883,12.467553
213884,12.561321
213885,12.332316
213888,13.720676
213891,11.618393
213892,11.618393
213893,11.508886
213895,11.893623
213896,11.940351
213897,11.893623
213900,11.969579
213901,11.691034
213902,15.067332
213903,12.526115
213905,12.467553
213906,12.561321
213907,12.367284
213909,13.728925
213910,13.720676
213912,11.164172
213913,11.146126
213918,11.66512
213919,11.893623
213922,14.380388
213923,11.969579
213924,11.497464
213925,15.067332
213926,11.118301
213928,12.334666
213930,12.367284
213932,13.728925
213935,11.246192
213936,11.246192
213939,11.765186
213940,11.99369
213942,12.069645
213943,11.7911005
213944,15.167398
213945,11.218368
213946,11.4143095
213947,12.434732
213948,12.661387
213949,12.432383
213951,13.975957
213952,13.967709
213954,12.690469
213955,11.246192
213956,11.246192
213960,11.718459
213961,11.765186
213962,11.99369
213963,14.921519
213964,14.921519
213965,14.480454
213966,12.069645
213967,11.7911005
213968,15.167398
213971,12.434732
213972,12.661387
213973,12.0771475
213976,11.718459
213977,11.718459
213978,11.6089525
213979,11.681821
213980,11.212908
213981,11.99369
213982,12.040417
213983,11.99369
213985,14.203882
213986,11.358897
213987,12.069645
213988,11.858327
213989,15.167398
213990,11.4143095
213991,11.4143095
213994,12.567619
213995,12.661387
213996,12.429206
213998,13.975957
213999,13.967709
214000,10.609926
214001,11.264238
214002,12.317907
214004,11.718459
214005,11.718459
214006,11.6089525
214008,11.99369
214009,12.040417
214010,11.99369
214011,11.215212
214014,12.069645
214015,11.858327
214016,15.167398
214017,12.567619
214018,12.661387
214019,12.429206
214021,13.975957
214022,13.967709
214023,11.718459
214024,11.718459
214025,11.6089525
214026,11.99369
214027,12.040417
214028,11.99369
214032,12.069645
214033,11.858327
214034,15.167398
214035,12.567619
214036,12.661387
214040,12.923649
214041,11.264238
214043,11.718459
214044,11.718459
214045,11.6089525
214048,11.99369
214049,12.040417
214050,11.99369
214051,11.015099
214054,12.069645
214055,11.858327
214056,15.167398
214057,11.4143095
214061,12.567619
214062,12.661387
214063,12.429206
214065,13.975957
214066,13.967709
214067,11.264238
214070,11.246192
214071,11.246192
214072,11.136685
214073,11.718459
214074,11.765186
214075,11.99369
214076,14.921519
214077,11.33817
214078,14.577843
214079,12.069645
214080,11.59753
214081,15.167398
214082,11.465596
214083,11.4143095
214084,12.434732
214085,12.696355
214086,12.46735
214088,12.931897
214089,12.923649
214090,10.609926
214092,11.246192
214096,11.765186
214097,11.942359
214098,14.921519
214099,11.33817
214100,12.031501
214101,11.59753
214102,15.167398
214103,11.351378
214104,15.6055975
214105,12.696355
214106,12.46735
214109,13.967709
214111,14.38209
214112,14.38209
214114,11.718459
214115,11.765186
214116,11.99369
214118,14.921519
214120,12.069645
214121,11.7911005
214122,15.167398
214124,12.434732
214125,12.661387
214126,12.432383
214129,11.246192
214130,11.246192
214131,11.022468
214133,11.718459
214134,11.765186
214135,11.99369
214136,11.254184
214137,11.254184
214138,14.577843
214139,12.069645
214140,11.7911005
214141,15.167398
214142,11.10415
214143,11.300092
214144,12.434732
214145,12.661387
214146,12.432383
214148,12.931897
214149,13.967709
214151,14.854357
214152,11.718459
214153,11.494735
214154,11.99369
214155,15.176314
214156,15.129587
214158,14.547681
214159,12.069645
214160,11.858327
214161,15.167398
214162,11.300092
214163,11.300092
214164,12.567619
214165,12.661387
214168,13.975957
214169,12.923649
214175,12.008822
214176,12.008822
214177,11.785098
214178,12.284053
214179,12.33078
214180,12.284053
214184,12.360008
214185,12.14869
214186,15.457762
214187,12.857983
214188,12.951751
214191,14.258072
214192,11.440384
214193,12.45137
214194,12.45137
214195,12.227646
214196,12.726601
214197,12.773328
214198,12.726601
214202,12.802556
214203,12.591238
214204,15.90031
214205,13.30053
214206,13.394299
214207,12.810059
214209,13.664808
214210,14.70062
214213,11.979103
214215,12.45137
214216,12.498097
214217,12.726601
214218,12.071081
214221,12.802556
214222,12.330441
214223,15.90031
214224,12.033003
214225,12.08429
214226,13.167644
214227,13.429266
214228,13.200261
214229,14.9610405
214230,14.708868
214231,14.70062
214233,12.033003
214235,12.624942
214236,12.624942
214237,13.766728
214240,12.900172
214241,12.946899
214242,12.900172
214245,12.976128
214246,12.76481
214247,16.073883
214248,12.206574
214249,12.206574
214251,13.474102
214252,13.56787
214253,13.335689
214255,14.88244
214256,13.830132
214258,12.056503
214261,12.152675
214262,12.152675
214263,11.92895
214265,12.900172
214266,12.671669
214267,12.900172
214271,12.976128
214272,12.697583
214273,16.073883
214274,12.257861
214275,12.0106325
214276,13.341215
214277,13.56787
214278,13.338865
214281,13.830132
214282,13.482734
214283,12.858772
214284,12.099991
214285,12.099991
214286,12.375221
214287,12.421948
214288,12.375221
214292,12.331612
214293,12.053067
214296,12.84418
214297,15.804421
214300,11.949789
214301,11.949789
214302,11.854909
214305,11.949789
214306,11.996516
214307,12.225019
214310,11.470662
214311,12.18141
214312,11.902865
214313,12.18141
214314,11.5562935
214315,12.899298
214316,12.679384
214317,12.693978
214318,15.65422
214320,9.841238
214321,9.901298
214322,11.510195
214325,14.442553
214326,14.442553
214327,11.0360365
214328,10.998217
214330,11.949789
214331,11.996516
214332,12.225019
214333,14.99759
214334,14.99759
214335,11.56805
214336,12.18141
214337,11.902865
214338,12.18141
214339,11.380555
214340,11.380555
214341,12.546497
214342,12.693978
214343,12.518322
214344,11.179835
214345,11.024915
214346,10.95856
214348,11.329268
214349,13.3089285
214350,12.73656
214351,11.456857
214352,14.592754
214355,12.421948
214356,12.375221
214357,11.564443
214358,11.564443
214360,12.331612
214361,11.859497
214362,11.718252
214363,11.530757
214364,11.530757
214366,12.696699
214367,12.879148
214368,15.804421
214370,11.175117
214371,11.108762
214373,11.47947
214374,12.168954
214375,11.47947
214376,15.440719
214377,15.440719
214378,11.829372
214379,11.00834
214381,15.67271
214382,15.608031
214383,11.898735
214387,11.30835
214388,12.165523
214389,12.238161
214390,11.530757
214391,11.530757
214393,12.775323
214394,12.733661
214395,15.5457945
214396,9.900468
214397,10.0296755
214398,10.089735
214399,10.1947775
214400,12.89195
214402,11.663644
214403,12.099991
214404,15.2358885
214406,15.511119
214407,15.557846
214408,12.375221
214411,14.742421
214412,12.331612
214413,12.053067
214414,12.331612
214415,11.530757
214416,11.530757
214417,12.829586
214418,12.84418
214421,9.99144
214422,10.798673
214425,11.949789
214426,11.949789
214427,11.854909
214428,11.033876
214430,15.360917
214431,15.407644
214432,12.225019
214434,12.18141
214435,12.18141
214436,12.18141
214437,11.5562935
214438,11.5562935
214440,12.546497
214441,12.693978
214443,9.786859
214444,9.841238
214445,9.901298
214447,11.510195
214450,11.306655
214454,11.949789
214455,11.996516
214456,12.225019
214457,11.414241
214458,14.99759
214459,14.689608
214460,12.18141
214461,11.709295
214462,11.484064
214463,11.5562935
214464,11.5562935
214466,12.546497
214467,12.728946
214468,12.518322
214469,11.317338
214470,11.024915
214471,10.996796
214472,11.306655
214473,11.306655
214475,11.949789
214476,11.996516
214477,12.225019
214478,14.99759
214481,12.18141
214482,11.709295
214483,15.4344225
214484,11.5562935
214487,12.728946
214488,15.65422
214491,10.996796
214494,11.306655
214495,11.211775
214498,12.225019
214499,11.996516
214500,12.225019
214501,11.414241
214504,12.18141
214505,11.709295
214506,12.18141
214507,11.5562935
214508,11.5562935
214510,12.546497
214511,12.728946
214512,15.65422
214513,11.317338
214514,11.024915
214515,10.95856
214517,11.505007
214518,13.484667
214519,11.505007
214522,11.949789
214523,11.996516
214524,12.225019
214526,14.592219
214527,12.18141
214528,11.902865
214529,11.470662
214530,12.546497
214531,12.693978
214534,11.024915
214539,10.530821
214540,11.949789
214541,11.996516
214542,12.225019
214543,11.414241
214545,12.18141
214546,11.902865
214547,12.18141
214550,12.546497
214551,12.693978
214554,10.95856
214555,11.949789
214556,11.949789
214557,11.854909
214559,15.360917
214560,15.407644
214561,12.225019
214564,12.18141
214565,11.902865
214566,12.18141
214567,11.5562935
214569,12.679384
214570,12.693978
214571,12.518322
214572,9.786859
214573,10.945751
214574,9.939533
214575,11.510195
214577,11.949789
214578,11.949789
214579,11.854909
214581,12.225019
214582,12.271747
214583,12.225019
214587,12.18141
214588,11.902865
214589,12.18141
214590,12.546497
214591,12.693978
214592,15.65422
214593,9.825094
214595,9.901298
214596,11.306655
214597,11.306655
214600,11.996516
214601,12.225019
214605,12.18141
214606,11.709295
214607,12.18141
214608,11.5562935
214609,11.5562935
214610,12.546497
214611,12.728946
214612,15.65422
214614,11.024915
214615,10.95856
214618,11.306655
214619,11.306655
214620,11.211775
214622,11.949789
214623,11.996516
214624,12.225019
214625,14.99759
214626,14.99759
214627,14.689608
214628,12.18141
214629,11.902865
214630,11.56805
214631,11.5562935
214632,11.5562935
214634,12.546497
214635,12.693978
214636,15.65422
214637,11.355574
214638,11.024915
214639,10.95856
214640,10.220067
214642,11.306655
214643,11.306655
214646,11.996516
214647,12.225019
214651,12.18141
214652,11.709295
214653,12.18141
214656,12.728946
214657,15.65422
214660,10.95856
214661,14.442553
214662,14.442553
214663,13.351552
214665,15.360917
214666,15.407644
214667,12.225019
214671,12.18141
214672,11.902865
214673,12.18141
214674,11.5562935
214675,11.5562935
214676,12.679384
214677,12.846061
214678,15.65422
214679,9.786859
214680,10.795011
214681,9.901298
214683,11.510195
214688,11.949789
214689,15.085687
214690,13.351552
214693,15.360917
214694,15.407644
214695,12.225019
214696,14.212727
214699,12.18141
214700,11.902865
214701,12.18141
214704,12.679384
214705,12.693978
214706,12.518322
214708,9.841238
214709,9.939533
214710,13.368309
214712,11.306655
214713,11.306655
214714,11.211775
214716,11.949789
214717,11.996516
214718,12.173689
214719,12.107904
214720,11.414241
214721,11.56805
214722,12.18141
214723,11.709295
214724,11.791207
214725,11.5562935
214726,11.5562935
214727,12.546497
214728,12.728946
214729,12.518322
214730,11.317338
214731,11.024915
214732,10.95856
214733,10.220067
214734,11.505007
214736,11.505007
214737,11.306655
214738,11.306655
214740,15.085687
214741,15.132414
214742,12.225019
214743,14.99759
214745,11.56805
214746,12.18141
214747,11.709295
214748,12.18141
214749,12.546497
214750,12.728946
214751,15.65422
214753,11.024915
214754,10.95856
214755,11.949789
214763,12.693978
214767,11.949789
214768,11.949789
214769,11.854909
214771,12.225019
214772,12.271747
214773,12.225019
214775,12.18141
214776,11.902865
214777,12.18141
214778,11.5562935
214780,12.546497
214781,12.693978
214782,15.65422
214785,9.901298
214787,11.510195
214788,11.306655
214789,11.306655
214790,11.949789
214791,11.996516
214792,12.225019
214793,11.56805
214794,12.18141
214795,11.709295
214796,11.470662
214797,11.5562935
214798,11.5562935
214799,12.546497
214800,12.728946
214801,15.65422
214802,11.355574
214803,11.06315
214804,10.996796
214807,13.484667
214808,11.505007
214809,11.949789
214810,11.949789
214811,13.351552
214813,15.360917
214814,15.407644
214815,12.225019
214818,14.592219
214819,12.18141
214820,11.902865
214821,12.18141
214822,11.5562935
214826,12.679384
214827,12.609992
214828,15.65422
214830,9.841238
214831,9.901298
214833,11.510195
214834,12.145191
214836,11.306655
214838,11.949789
214839,11.996516
214841,11.414241
214843,12.18141
214844,11.709295
214845,12.18141
214846,12.546497
214847,12.728946
214848,15.65422
214854,11.306655
214855,11.949789
214856,11.854909
214858,11.949789
214859,12.271747
214860,12.225019
214864,12.18141
214865,11.902865
214866,12.18141
214869,12.679384
214870,12.728946
214872,9.786859
214874,9.939533
214875,11.510195
214877,11.949789
214878,11.949789
214879,11.854909
214880,15.360917
214881,15.407644
214882,12.225019
214884,12.18141
214885,11.902865
214886,12.18141
214887,11.5562935
214888,11.5562935
214889,12.679384
214890,12.693978
214891,15.65422
214893,9.841238
214894,9.901298
214895,10.220067
214896,11.510195
214899,12.271747
214904,12.18141
214907,12.546497
214908,12.728946
214909,12.518322
214912,10.95856
214914,11.306655
214915,11.211775
214917,11.458864
214918,11.949789
214919,11.996516
214920,12.225019
214921,11.414241
214922,14.212727
214924,12.18141
214925,11.902865
214926,11.484064
214927,11.5562935
214928,11.5562935
214931,12.546497
214932,12.693978
214933,12.518322
214935,11.024915
214936,10.95856
214940,11.306655
214942,11.153668
214943,11.949789
214944,11.996516
214945,12.225019
214947,14.99759
214948,14.689608
214949,12.18141
214950,11.902865
214951,11.791207
214953,11.498187
214954,12.546497
214955,12.693978
214956,15.65422
214959,15.085687
214960,15.085687
214961,11.7968025
214964,15.360917
214965,15.407644
214966,12.225019
214969,14.592219
214970,12.18141
214971,11.902865
214972,12.18141
214973,11.498187
214974,11.498187
214975,12.679384
214976,12.693978
214977,15.65422
214979,9.783132
214980,9.901298
214982,11.452088
214985,11.306655
214986,11.306655
214987,11.153668
214990,11.949789
214991,11.996516
214992,12.225019
214993,11.414241
214994,14.99759
214995,11.56805
214996,12.298525
214997,11.709295
214998,12.18141
214999,11.498187
215000,11.498187
215002,12.728946
215003,12.518322
215004,11.259232
215005,10.966808
215006,10.95856
215008,14.398702
215009,11.262804
215010,11.1098175
215011,11.905938
215012,11.952665
215013,12.181169
215014,11.286404
215015,11.37039
215016,11.5241995
215017,12.137559
215018,11.665444
215019,12.137559
215020,11.454336
215021,11.454336
215022,12.502646
215023,15.701295
215024,15.610369
215026,10.922957
215027,10.914709
215029,11.403049
215030,11.262804
215031,11.262804
215033,11.905938
215034,11.952665
215035,12.181169
215038,12.137559
215039,11.8590145
215040,12.137559
215043,12.502646
215044,12.650127
215048,10.914709
215049,11.403049
215050,12.172362
215051,11.403049
215052,11.262804
215053,11.262804
215054,11.1098175
215055,11.905938
215056,11.952665
215057,12.181169
215058,14.953739
215059,11.37039
215060,11.5241995
215061,12.137559
215062,11.8590145
215063,12.137559
215065,11.454336
215066,12.502646
215067,12.566141
215068,15.610369
215071,10.914709
215072,11.403049
215074,11.5201645
215075,11.905938
215076,15.041836
215077,11.752952
215079,12.181169
215080,12.227896
215081,12.181169
215084,14.548368
215085,12.137559
215086,11.8590145
215087,12.137559
215088,12.635533
215089,12.685095
215094,11.905938
215095,11.905938
215096,12.181169
215097,12.227896
215098,12.181169
215101,12.137559
215102,11.8590145
215103,12.137559
215106,12.635533
215107,12.650127
215111,11.408237
215112,11.905938
215113,11.905938
215114,11.752952
215116,12.181169
215117,12.227896
215118,12.181169
215119,12.137559
215120,11.8590145
215121,12.137559
215124,12.635533
215125,12.566141
215126,15.610369
215128,9.739281
215129,10.60462
215130,11.408237
215131,13.462539
215134,11.262804
215135,11.262804
215136,11.905938
215137,11.952665
215142,12.137559
215143,11.665444
215145,12.502646
215146,12.685095
215147,15.610369
215150,11.262804
215151,11.262804
215152,11.905938
215154,12.181169
215156,12.137559
215157,11.665444
215158,12.137559
215159,11.454336
215160,11.454336
215161,12.502646
215162,12.685095
215163,12.474471
215166,10.914709
215167,12.055247
215169,11.262804
215170,14.398702
215171,12.606461
215172,10.931919
215174,11.905938
215175,11.952665
215176,12.181169
215177,14.953739
215179,14.645757
215180,12.137559
215181,11.665444
215182,12.137559
215184,11.454336
215185,12.502646
215186,12.685095
215187,15.610369
215189,12.355313
215190,10.914709
215193,11.262804
215198,15.088563
215199,12.181169
215200,14.884093
215201,14.953739
215202,14.645757
215203,12.137559
215204,11.8590145
215205,12.137559
215206,12.502646
215207,12.650127
215211,10.914709
215212,11.262804
215213,11.262804
215214,11.1098175
215215,12.181169
215216,11.952665
215217,12.181169
215218,14.953739
215219,14.645757
215220,12.137559
215221,11.665444
215222,12.137559
215223,11.454336
215226,12.685095
215227,15.610369
215230,10.914709
215232,11.262804
215233,11.262804
215236,11.905938
215237,11.952665
215238,12.181169
215239,14.834695
215240,11.047318
215241,11.440213
215242,12.137559
215243,11.8590145
215244,11.426811
215245,11.454336
215246,11.454336
215247,12.502646
215248,12.650127
215249,15.610369
215251,10.922957
215252,10.914709
215253,12.810341
215254,15.041836
215255,15.041836
215256,11.752952
215258,11.905938
215259,15.363793
215260,12.181169
215263,11.426811
215264,12.137559
215265,11.8590145
215266,12.137559
215269,12.635533
215270,12.650127
215274,9.764755
215278,11.262804
215279,11.262804
215280,11.1098175
215282,11.905938
215283,11.952665
215284,12.181169
215287,12.137559
215288,11.8590145
215289,11.5241995
215290,11.454336
215291,11.454336
215292,12.502646
215293,12.650127
215297,10.914709
215299,11.262804
215300,11.262804
215302,10.931919
215303,15.041836
215304,15.088563
215305,12.181169
215308,12.137559
215309,11.8590145
215310,11.5241995
215312,12.502646
215313,12.650127
215314,12.474471
215317,10.914709
215320,11.262804
215321,11.262804
215322,11.1098175
215324,11.905938
215325,11.952665
215326,12.181169
215327,14.953739
215328,14.953739
215329,14.645757
215330,12.137559
215331,11.8590145
215332,12.137559
215333,11.454336
215335,12.502646
215336,12.650127
215337,15.610369
215338,11.215381
215339,10.922957
215340,10.914709
215342,11.905938
215343,11.905938
215346,12.181169
215347,12.227896
215348,12.181169
215350,12.137559
215351,11.8590145
215352,12.254674
215355,12.635533
215359,9.72652
215362,14.667288
215363,14.024154
215364,11.34271
215366,11.806621
215367,11.853348
215368,11.806621
215372,11.727317
215373,11.448772
215374,11.727317
215375,12.225291
215376,12.239885
215377,15.200127
215380,9.484714
215382,11.905938
215383,11.905938
215384,11.1098175
215387,15.317066
215388,15.363793
215389,12.181169
215391,12.137559
215392,11.8590145
215393,12.137559
215394,12.79734
215395,12.79734
215397,12.635533
215398,12.650127
215399,15.610369
215400,10.029598
215401,9.739281
215402,10.455395
215403,10.23592
215404,11.408237
215407,15.041836
215408,15.041836
215409,13.249595
215410,10.931919
215412,15.317066
215413,15.363793
215414,12.181169
215418,12.137559
215419,11.8590145
215420,12.137559
215421,11.454336
215422,11.454336
215424,12.635533
215425,12.650127
215426,15.610369
215427,9.684901
215428,9.777516
215429,9.764755
215431,11.408237
215435,11.262804
215436,11.262804
215437,11.074123
215438,10.896225
215439,15.041836
215440,15.088563
215441,12.129838
215444,12.101865
215445,11.62975
215446,15.354877
215447,11.418642
215448,12.466952
215450,12.438777
215453,10.879015
215455,14.195021
215456,14.195021
215458,14.942518
215459,14.714015
215460,11.806621
215463,11.844432
215464,11.255202
215465,11.727317
215468,12.092404
215469,12.274853
215470,15.200127
215472,10.642916
215473,10.634667
215474,11.53139
215477,11.853348
215479,11.727317
215481,11.337114
215483,12.274853
215487,11.773652
215488,11.773652
215489,11.584971
215490,15.18478
215491,15.231507
215492,12.0488825
215496,11.969579
215497,11.691034
215498,11.969579
215499,11.286356
215500,11.286356
215501,12.467553
215502,12.482147
215504,9.647123
215505,9.701501
215506,9.68874
215509,11.773652
215510,11.773652
215513,12.0488825
215514,12.09561
215517,11.969579
215518,11.691034
215519,11.969579
215521,12.467553
215522,12.517115
215523,15.442389
215526,9.68874
215529,11.773652
215530,11.773652
215531,11.584971
215533,15.18478
215534,15.231507
215535,12.0488825
215538,11.969579
215539,11.691034
215540,11.969579
215541,12.62936
215543,12.467553
215544,12.482147
215545,15.442389
215547,9.701501
215548,9.68874
215550,11.240257
215551,11.301385
215556,11.820379
215557,12.0488825
215560,11.356219
215561,11.969579
215562,11.497464
215563,14.477777
215564,11.286356
215566,12.334666
215568,15.442389
215570,10.923413
215573,11.401451
215574,11.401451
215577,11.920445
215578,12.148949
215580,12.069645
215581,11.701986
215582,11.358897
215583,11.386422
215584,11.386422
215585,12.434732
215586,12.582213
215587,15.542455
215589,11.13221
215590,11.123961
215591,11.335135
215592,11.401451
215593,11.401451
215597,11.873718
215598,11.920445
215599,12.148949
215600,14.921519
215601,14.921519
215602,14.577843
215603,12.069645
215604,11.7911005
215605,12.069645
215608,12.434732
215609,12.582213
215610,12.406557
215613,11.873718
215614,11.873718
215615,11.685038
215616,11.757906
215617,11.288993
215618,15.284846
215619,15.3315735
215620,12.148949
215622,14.203882
215623,11.358897
215624,12.069645
215625,11.858327
215626,12.069645
215627,11.386422
215628,11.386422
215631,12.567619
215632,12.582213
215633,12.406557
215635,9.948533
215636,9.974008
215637,10.4925165
215638,11.340323
215639,12.238733
215641,11.873718
215642,11.873718
215643,11.685038
215645,12.148949
215646,12.195676
215647,12.148949
215648,14.203882
215651,12.069645
215652,11.858327
215653,12.069645
215654,12.567619
215655,12.226978
215656,15.542455
215658,9.986769
215659,9.935772
215660,11.873718
215661,11.873718
215662,11.685038
215663,12.148949
215664,12.195676
215665,12.148949
215669,12.069645
215670,11.858327
215671,12.069645
215672,12.567619
215673,12.582213
215677,9.974008
215678,11.340323
215680,11.873718
215681,11.873718
215682,11.685038
215685,15.284846
215686,15.3315735
215687,12.148949
215688,11.015099
215691,12.069645
215692,11.858327
215693,12.069645
215694,11.386422
215698,12.567619
215699,12.582213
215700,15.542455
215702,9.986769
215703,9.935772
215704,11.340323
215707,11.401451
215708,11.401451
215709,11.21277
215710,11.873718
215711,11.920445
215712,12.148949
215713,14.851873
215714,14.872121
215715,14.577843
215716,12.069645
215717,11.59753
215718,11.456285
215719,11.386422
215720,11.386422
215722,12.434732
215723,12.617181
215724,15.542455
215726,11.13221
215727,11.123961
215728,10.4925165
215730,11.401451
215734,15.056343
215735,12.148949
215736,14.921519
215737,14.136656
215738,12.069645
215739,11.59753
215740,12.069645
215741,11.272204
215742,15.6055975
215743,12.617181
215744,15.542455
215747,11.123961
215749,14.537349
215750,14.537349
215752,11.873718
215753,11.920445
215754,12.148949
215756,14.921519
215758,12.069645
215759,11.701986
215760,11.456285
215762,12.434732
215763,12.582213
215764,15.542455
215767,11.401451
215768,11.401451
215769,11.098553
215770,11.873718
215771,11.920445
215772,12.148949
215773,11.33817
215774,11.33817
215775,11.456285
215776,12.069645
215777,11.7911005
215778,11.679442
215779,11.272204
215780,11.272204
215781,12.434732
215782,12.582213
215783,15.542455
215785,11.13221
215786,11.123961
215788,15.009616
215789,15.009616
215790,11.57082
215791,12.148949
215792,12.195676
215793,12.148949
215795,11.358897
215796,12.069645
215797,11.858327
215798,12.069645
215799,11.272204
215800,11.272204
215801,12.4697
215802,12.582213
215805,10.902306
215806,9.974008
215812,12.164082
215813,12.164082
215814,11.861183
215815,15.57521
215816,15.621937
215817,12.439312
215821,12.360008
215822,12.14869
215823,12.360008
215824,12.857983
215825,12.517342
215828,10.264371
215829,11.516469
215830,12.606629
215831,12.606629
215832,12.303731
215833,12.88186
215834,12.928587
215835,12.88186
215839,12.802556
215840,12.591238
215841,15.938454
215842,16.422089
215843,13.3151245
215844,13.139468
215846,10.71968
215847,10.706919
215850,12.134362
215852,12.606629
215853,12.653357
215854,12.88186
215855,12.071081
215858,12.802556
215859,12.330441
215860,12.802556
215861,12.0051155
215862,12.0051155
215863,13.167644
215864,13.350092
215865,16.275368
215866,12.157544
215867,11.865121
215868,11.856873
215870,11.953829
215872,12.780201
215873,12.780201
215874,13.973946
215877,16.19133
215878,16.238056
215879,13.055431
215882,12.976128
215883,12.76481
215884,12.976128
215885,12.178687
215886,12.178687
215888,13.474102
215889,13.488696
215890,16.448938
215892,10.855016
215893,10.842255
215895,12.132588
215898,12.307934
215899,12.307934
215900,12.005035
215902,13.055431
215903,12.826928
215904,13.055431
215908,12.976128
215909,12.697583
215910,12.976128
215911,12.178687
215912,12.178687
215913,13.341215
215914,16.49056
215915,13.31304
215918,12.030444
215919,13.534692
215920,12.779598
215921,12.0041065
215922,12.0041065
215923,12.279337
215924,12.326064
215925,12.279337
215929,12.235727
215930,11.957183
215933,12.748296
215934,15.708537
215937,11.853905
215938,11.853905
215939,11.759025
215942,11.853905
215943,11.900632
215944,12.129135
215947,11.507665
215948,12.0855255
215949,11.806981
215950,11.695323
215951,11.460409
215952,12.803413
215953,12.5835
215954,12.598094
215955,12.422438
215957,9.745354
215958,9.805413
215959,11.41431
215962,14.442553
215963,14.442553
215964,12.53268
215965,10.902332
215967,11.853905
215968,11.900632
215969,12.129135
215970,11.128172
215971,11.128172
215972,11.507665
215973,12.0855255
215974,11.806981
215975,11.374778
215976,11.284671
215977,11.284671
215978,12.450613
215979,12.598094
215980,15.558335
215981,11.083951
215982,10.92903
215983,10.862676
215985,11.233384
215986,13.330159
215987,12.640676
215988,11.456857
215989,14.592754
215992,12.326064
215993,12.279337
215994,11.278374
215995,11.278374
215997,12.235727
215998,11.763613
215999,11.52498
216000,11.434873
216001,11.434873
216003,12.600815
216004,12.783263
216005,15.708537
216007,11.117468
216008,11.051113
216010,11.383586
216011,11.839597
216012,11.383586
216013,11.764966
216014,11.764966
216015,11.733488
216016,10.912456
216018,15.576826
216019,15.512147
216020,11.802851
216024,11.212465
216025,12.069638
216026,12.142277
216027,11.434873
216028,11.434873
216030,12.679439
216031,12.721763
216032,15.44991
216033,9.804584
216034,9.8955555
216035,9.955615
216036,13.56415
216037,11.388774
216039,11.5677595
216040,12.0041065
216041,15.140004
216042,15.415235
216043,15.461962
216044,12.279337
216047,11.6578665
216048,12.235727
216049,11.957183
216050,11.845525
216051,12.777877
216052,11.434873
216053,12.733702
216054,12.748296
216057,9.8955555
216058,9.955615
216062,11.853905
216063,11.853905
216064,11.759025
216065,10.937992
216067,15.265033
216068,15.31176
216069,12.129135
216071,12.0855255
216072,12.0855255
216073,12.0855255
216074,11.460409
216075,11.460409
216077,12.5835
216078,12.598094
216080,9.690974
216081,9.745354
216082,9.805413
216084,11.41431
216087,11.306655
216091,11.853905
216092,11.900632
216093,12.129135
216094,11.128172
216095,11.128172
216096,14.629222
216097,12.0855255
216098,11.613411
216099,11.374778
216100,11.460409
216101,11.460409
216103,12.450613
216104,12.633061
216105,12.422438
216106,11.17835
216107,10.967266
216108,10.900911
216109,11.306655
216110,11.306655
216112,11.853905
216113,11.900632
216114,12.129135
216115,11.128172
216118,12.0855255
216119,11.613411
216120,15.221423
216121,11.460409
216124,12.633061
216125,15.558335
216128,10.900911
216131,11.306655
216132,11.211775
216135,12.129135
216136,11.900632
216137,12.129135
216138,11.128172
216141,12.0855255
216142,11.613411
216143,11.374778
216144,11.460409
216145,11.460409
216147,12.450613
216148,12.633061
216149,15.558335
216150,11.221454
216151,10.92903
216152,10.862676
216154,11.409122
216155,13.3887825
216156,11.409122
216159,11.853905
216160,11.900632
216161,12.129135
216163,11.507665
216164,12.0855255
216165,11.806981
216166,11.374778
216167,12.450613
216168,12.598094
216171,10.967266
216176,11.078071
216177,11.853905
216178,11.900632
216179,12.129135
216180,11.128172
216182,12.0855255
216183,11.806981
216184,11.374778
216186,12.450613
216187,12.598094
216190,10.862676
216191,11.853905
216192,11.853905
216193,11.759025
216195,15.265033
216196,15.31176
216197,12.129135
216200,11.695323
216201,11.806981
216202,12.0855255
216203,11.460409
216205,12.5835
216206,12.514108
216207,12.422438
216208,9.690974
216209,10.627092
216210,9.805413
216211,11.41431
216213,14.989802
216214,14.989802
216215,11.759025
216217,12.129135
216218,12.175862
216219,12.129135
216223,12.0855255
216224,11.806981
216225,12.0855255
216226,12.5835
216227,12.598094
216228,15.558335
216229,9.690974
216231,9.805413
216232,11.306655
216233,11.306655
216236,11.900632
216237,12.129135
216241,12.0855255
216242,11.613411
216243,11.374778
216244,11.460409
216245,11.460409
216246,12.450613
216247,12.633061
216248,15.558335
216250,10.967266
216251,10.900911
216254,11.306655
216255,11.306655
216256,11.211775
216258,11.853905
216259,11.900632
216260,12.129135
216261,11.128172
216262,11.128172
216263,11.507665
216264,12.0855255
216265,11.806981
216266,11.374778
216267,11.460409
216268,11.460409
216270,12.450613
216271,12.598094
216272,12.422438
216273,11.17835
216274,10.967266
216275,10.862676
216276,14.675527
216278,11.306655
216279,11.306655
216282,11.900632
216283,12.129135
216287,12.0855255
216288,11.613411
216289,11.374778
216292,12.633061
216293,15.558335
216296,10.900911
216297,14.442553
216298,14.442553
216299,13.255668
216301,15.265033
216302,15.31176
216303,12.129135
216307,12.0855255
216308,11.806981
216309,12.0855255
216310,11.460409
216311,11.460409
216312,12.5835
216313,12.750176
216314,12.422438
216315,9.690974
216316,9.745354
216317,9.805413
216319,11.41431
216324,14.989802
216325,14.989802
216326,13.255668
216329,15.265033
216330,15.31176
216331,12.129135
216332,11.128172
216335,12.0855255
216336,11.806981
216337,12.0855255
216340,12.5835
216341,12.598094
216342,15.558335
216344,9.745354
216345,9.805413
216346,13.3887825
216348,11.306655
216349,11.306655
216350,11.211775
216352,11.853905
216353,11.900632
216354,12.129135
216355,11.128172
216356,11.128172
216357,11.507665
216358,12.0855255
216359,11.613411
216360,11.374778
216361,11.460409
216362,11.460409
216363,12.450613
216364,12.633061
216365,15.558335
216366,11.221454
216367,10.92903
216368,10.862676
216369,13.589686
216370,11.409122
216372,11.409122
216373,11.306655
216374,11.306655
216376,14.989802
216377,15.03653
216378,12.077805
216379,14.249729
216381,14.629222
216382,12.0855255
216383,11.613411
216384,11.374778
216385,12.450613
216386,12.633061
216387,15.558335
216389,10.967266
216390,10.900911
216391,11.853905
216399,12.598094
216403,11.853905
216404,11.853905
216405,11.759025
216407,12.129135
216408,12.175862
216409,12.129135
216411,12.0855255
216412,11.806981
216413,12.0855255
216414,11.460409
216416,12.5835
216417,12.598094
216418,15.558335
216421,9.805413
216423,11.41431
216424,11.306655
216425,11.306655
216426,11.853905
216427,11.900632
216428,12.129135
216429,11.507665
216430,12.0855255
216431,11.613411
216432,11.374778
216433,11.460409
216434,11.460409
216435,12.450613
216436,12.633061
216437,15.558335
216438,11.259689
216439,10.967266
216440,10.900911
216443,13.3887825
216444,12.816414
216445,11.853905
216446,14.989802
216447,13.255668
216450,15.265033
216451,15.31176
216452,12.129135
216455,11.507665
216456,12.0855255
216457,11.806981
216458,11.695323
216459,11.460409
216463,12.5835
216464,12.598094
216465,15.558335
216467,9.745354
216468,9.805413
216470,11.41431
216471,12.049307
216473,11.306655
216475,11.853905
216476,11.900632
216478,11.128172
216480,12.0855255
216481,11.613411
216482,11.374778
216483,12.450613
216484,12.633061
216485,12.422438
216491,11.853905
216492,11.853905
216493,11.211775
216495,11.853905
216496,12.175862
216497,12.129135
216501,12.0855255
216502,11.806981
216503,11.695323
216506,12.5835
216507,12.598094
216509,9.690974
216511,9.805413
216512,11.41431
216514,11.853905
216515,11.853905
216516,11.759025
216517,15.265033
216518,15.31176
216519,12.129135
216521,12.0855255
216522,11.806981
216523,12.0855255
216524,11.460409
216525,12.803413
216526,12.5835
216527,12.598094
216528,15.558335
216530,9.745354
216531,9.805413
216532,13.589686
216533,11.41431
216536,12.175862
216541,12.0855255
216544,12.450613
216545,12.633061
216546,15.558335
216549,10.900911
216551,11.306655
216552,11.211775
216554,10.81573
216555,11.853905
216556,11.900632
216557,12.129135
216558,11.128172
216559,11.128172
216561,12.0855255
216562,11.806981
216563,11.374778
216564,11.460409
216565,11.460409
216568,12.450613
216569,12.598094
216570,15.558335
216572,10.967266
216573,10.900911
216577,11.306655
216579,11.153668
216580,11.853905
216581,11.900632
216582,12.129135
216584,11.128172
216585,11.507665
216586,12.0855255
216587,11.806981
216588,11.374778
216590,11.402303
216591,12.450613
216592,12.598094
216593,15.558335
216596,14.989802
216597,14.989802
216598,11.700918
216601,15.265033
216602,15.31176
216603,12.129135
216606,11.507665
216607,12.0855255
216608,11.806981
216609,12.0855255
216610,11.402303
216611,11.402303
216612,12.5835
216613,12.598094
216614,15.558335
216616,9.687247
216617,9.805413
216619,11.356204
216622,11.306655
216623,11.306655
216624,11.153668
216627,11.853905
216628,11.900632
216629,12.077805
216630,11.128172
216631,11.128172
216632,11.507665
216633,12.0855255
216634,11.613411
216635,11.472166
216636,11.402303
216637,11.402303
216639,12.633061
216640,12.422438
216641,11.120244
216642,10.90916
216643,10.900911
216645,14.398702
216646,14.398702
216647,11.1098175
216648,11.810054
216649,11.856781
216650,12.085284
216651,11.084321
216652,11.084321
216653,11.463814
216654,12.041675
216655,11.56956
216656,11.330927
216657,11.358452
216658,11.358452
216659,12.406762
216660,12.5892105
216661,15.514484
216663,10.865309
216664,10.85706
216666,11.307165
216667,11.262804
216668,11.262804
216670,11.810054
216671,11.856781
216672,12.085284
216675,12.041675
216676,11.76313
216677,11.330927
216680,12.44173
216681,12.554243
216685,10.85706
216686,11.307165
216687,13.366654
216688,11.307165
216689,11.262804
216690,11.262804
216691,11.1098175
216692,11.810054
216693,11.856781
216694,12.085284
216695,11.084321
216696,11.084321
216697,11.463814
216698,12.041675
216699,11.76313
216700,11.330927
216702,11.358452
216703,12.406762
216704,12.554243
216705,12.378587
216708,10.85706
216709,11.307165
216711,11.307165
216712,14.945951
216713,14.945951
216714,13.15371
216716,12.085284
216717,12.132011
216718,12.085284
216721,11.463814
216722,12.041675
216723,11.76313
216724,11.651472
216725,12.539649
216726,12.554243
216731,11.810054
216732,11.810054
216733,12.085284
216734,12.132011
216735,12.085284
216738,12.041675
216739,11.76313
216740,12.041675
216743,12.539649
216744,12.554243
216748,11.312353
216749,11.810054
216750,11.810054
216751,11.657067
216753,12.085284
216754,12.132011
216755,12.085284
216756,12.041675
216757,11.76313
216758,12.041675
216761,12.539649
216762,12.554243
216763,15.514484
216765,9.643396
216766,9.630635
216767,11.312353
216768,13.366654
216771,11.262804
216772,11.262804
216773,11.810054
216774,11.856781
216779,12.041675
216780,11.56956
216782,12.406762
216783,12.5892105
216784,12.378587
216787,11.262804
216788,11.262804
216789,11.810054
216791,12.085284
216793,12.041675
216794,11.56956
216795,11.330927
216796,11.358452
216797,11.358452
216798,12.406762
216799,12.5892105
216800,15.514484
216803,10.85706
216805,13.366654
216807,14.398702
216808,14.398702
216809,12.606461
216810,10.428864
216812,11.810054
216813,11.856781
216814,12.085284
216815,14.205878
216817,14.585371
216818,12.041675
216819,11.56956
216820,11.330927
216822,11.358452
216823,12.406762
216824,12.5892105
216825,15.514484
216827,10.827073
216828,10.85706
216831,11.262804
216836,14.992679
216837,12.085284
216838,11.084321
216839,11.084321
216840,11.463814
216841,12.041675
216842,11.76313
216843,11.651472
216844,12.406762
216845,12.554243
216849,10.818825
216850,11.262804
216851,11.262804
216852,11.1098175
216853,12.085284
216854,11.856781
216855,12.085284
216856,11.084321
216857,14.585371
216858,12.041675
216859,11.56956
216860,11.428315
216861,11.358452
216864,12.5892105
216865,15.514484
216868,10.85706
216870,11.262804
216871,11.262804
216874,11.810054
216875,11.856781
216876,12.085284
216877,14.177994
216878,11.084321
216879,11.463814
216880,12.041675
216881,11.76313
216882,11.330927
216883,11.358452
216884,11.358452
216885,12.406762
216886,12.554243
216887,12.378587
216889,10.865309
216890,10.85706
216891,12.714457
216892,14.945951
216893,14.945951
216894,11.657067
216896,11.810054
216897,15.267909
216898,12.085284
216901,11.463814
216902,12.041675
216903,11.76313
216904,11.651472
216905,12.539649
216906,12.554243
216910,9.630635
216914,11.262804
216915,11.262804
216916,11.1098175
216918,11.810054
216919,11.856781
216920,12.085284
216923,12.041675
216924,11.76313
216925,11.330927
216926,11.358452
216927,11.358452
216928,12.406762
216929,12.554243
216933,10.85706
216935,11.262804
216936,11.262804
216938,10.836035
216939,14.945951
216940,14.992679
216941,12.085284
216944,12.041675
216945,11.76313
216946,11.330927
216948,12.406762
216949,12.554243
216950,15.514484
216953,10.85706
216956,11.262804
216957,11.262804
216958,11.1098175
216960,11.810054
216961,11.856781
216962,12.085284
216963,11.084321
216964,11.084321
216965,11.463814
216966,12.041675
216967,11.76313
216968,11.330927
216969,11.358452
216971,12.406762
216972,12.554243
216973,12.378587
216974,11.076393
216975,10.865309
216976,10.85706
216978,11.810054
216979,11.810054
216982,12.085284
216983,12.132011
216984,12.085284
216986,12.041675
216987,11.76313
216988,11.651472
216991,12.539649
216995,9.630635
216998,11.435506
216999,14.024154
217000,11.246825
217002,11.710736
217003,11.757463
217004,11.710736
217008,11.631433
217009,11.352888
217010,11.24123
217011,12.129407
217012,12.144001
217013,15.104242
217016,9.350594
217018,11.810054
217019,11.810054
217020,11.657067
217023,15.221182
217024,15.267909
217025,12.085284
217027,12.041675
217028,11.76313
217029,11.651472
217030,11.358452
217031,12.701456
217033,12.539649
217034,12.554243
217035,15.514484
217036,9.933714
217037,10.38682
217038,9.630635
217039,14.573569
217040,11.312353
217043,14.945951
217044,14.945951
217045,13.15371
217046,10.836035
217048,15.221182
217049,15.267909
217050,12.085284
217054,12.041675
217055,11.76313
217056,11.651472
217057,11.358452
217058,11.358452
217060,12.539649
217061,12.554243
217062,15.514484
217063,9.589017
217064,9.643396
217065,9.630635
217067,11.312353
217071,11.262804
217072,11.262804
217073,11.074123
217074,10.940419
217075,14.945951
217076,14.992679
217077,12.085284
217080,12.0059805
217081,11.533866
217082,11.295233
217083,11.322758
217084,12.371068
217086,15.47879
217089,10.821366
217091,14.195021
217092,11.059123
217094,14.846634
217095,14.618131
217096,11.710736
217099,11.631433
217100,11.159318
217101,10.920685
217104,11.99652
217105,12.178968
217106,15.104242
217108,10.585267
217109,10.577019
217110,11.435506
217113,11.757463
217115,11.631433
217117,11.24123
217119,12.144001
217123,11.677768
217124,11.677768
217125,11.489087
217126,15.088896
217127,15.135623
217128,11.952998
217132,11.873694
217133,11.59515
217134,11.483492
217135,11.190472
217136,11.190472
217137,12.371669
217138,12.386263
217140,9.551239
217141,9.605617
217142,9.592855
217145,11.677768
217146,11.677768
217149,11.952998
217150,11.999725
217153,11.873694
217154,11.59515
217155,11.483492
217158,12.273749
217159,12.302277
217160,12.210607
217163,9.592855
217166,11.677768
217167,11.677768
217168,10.941837
217170,15.088896
217171,15.135623
217172,11.952998
217175,11.873694
217176,11.59515
217177,11.483492
217178,12.533476
217180,12.371669
217181,12.386263
217182,12.210607
217184,9.605617
217185,9.592855
217187,11.144373
217188,11.301385
217193,11.724495
217194,11.952998
217196,11.295834
217197,11.873694
217198,11.40158
217199,15.009592
217200,11.190472
217202,11.883547
217204,12.210607
217206,10.827529
217209,11.401451
217210,11.401451
217213,11.824561
217214,12.053064
217216,11.973761
217217,11.695216
217218,11.263013
217219,11.290538
217220,11.290538
217221,12.338848
217222,12.486329
217223,12.310673
217225,11.074561
217226,11.066313
217228,11.239251
217229,11.401451
217230,11.401451
217233,11.777834
217234,11.824561
217235,12.053064
217236,11.052101
217237,11.052101
217238,11.3959
217239,11.973761
217240,11.695216
217241,11.263013
217244,12.338848
217245,12.486329
217246,15.44657
217249,11.777834
217250,11.777834
217251,11.589153
217252,11.662022
217253,11.193109
217254,15.188962
217255,15.235689
217256,12.053064
217258,11.119328
217259,11.3959
217260,11.973761
217261,11.762443
217262,11.583558
217263,11.290538
217264,11.290538
217267,12.471735
217268,12.486329
217269,12.310673
217271,9.852649
217272,9.839888
217273,13.696981
217274,11.244439
217275,12.142849
217277,11.777834
217278,11.777834
217279,11.589153
217281,12.053064
217282,12.099792
217283,12.053064
217284,11.052101
217287,11.973761
217288,11.762443
217289,11.583558
217290,12.471735
217291,12.486329
217292,15.44657
217294,9.852649
217295,9.839888
217296,11.777834
217297,11.777834
217298,11.589153
217299,12.053064
217300,12.099792
217301,12.053064
217305,11.973761
217306,11.762443
217307,11.583558
217308,12.471735
217309,12.486329
217313,9.839888
217314,11.244439
217316,11.777834
217317,11.777834
217318,11.589153
217321,15.188962
217322,15.235689
217323,12.053064
217324,11.052101
217327,11.973761
217328,11.762443
217329,11.583558
217330,11.290538
217334,12.471735
217335,12.486329
217336,15.44657
217338,9.852649
217339,9.839888
217340,11.244439
217343,11.401451
217344,11.401451
217345,11.21277
217346,11.777834
217347,11.824561
217348,12.053064
217349,14.173658
217350,14.145774
217351,11.3959
217352,11.973761
217353,11.501646
217354,11.263013
217355,11.290538
217356,11.290538
217358,12.338848
217359,12.5212965
217360,12.310673
217362,11.074561
217363,11.066313
217364,14.782822
217366,11.401451
217370,14.960459
217371,12.001734
217372,14.173658
217373,14.173658
217374,11.973761
217375,11.501646
217376,11.263013
217377,11.17632
217378,15.509713
217379,12.5212965
217380,15.44657
217383,11.066313
217385,14.537349
217386,14.537349
217388,11.777834
217389,11.824561
217390,12.053064
217392,11.052101
217394,11.973761
217395,11.695216
217396,11.263013
217398,12.338848
217399,12.486329
217400,15.44657
217403,11.401451
217404,11.401451
217405,11.098553
217407,11.777834
217408,11.824561
217409,12.053064
217410,11.052101
217411,11.052101
217412,11.3959
217413,11.973761
217414,11.695216
217415,11.263013
217416,11.17632
217417,11.17632
217418,12.338848
217419,12.486329
217420,15.44657
217422,11.074561
217423,11.066313
217425,14.913732
217426,14.913732
217427,11.474936
217428,12.053064
217429,12.099792
217430,12.053064
217432,11.3959
217433,11.973761
217434,11.695216
217435,11.973761
217436,11.17632
217437,11.17632
217438,12.471735
217439,12.486329
217442,9.852649
217443,9.839888
217449,12.068197
217450,12.068197
217451,11.765299
217452,15.479325
217453,15.526052
217454,12.343428
217458,12.264124
217459,12.052806
217460,12.264124
217461,12.762098
217462,12.776692
217465,10.130251
217466,11.420585
217467,12.510745
217468,12.510745
217469,12.207847
217470,12.785975
217471,12.832703
217472,12.785975
217476,12.706672
217477,12.428127
217478,15.452367
217479,13.204646
217480,13.21924
217481,13.043584
217483,10.58556
217484,10.572799
217487,12.134362
217489,12.510745
217490,12.557472
217491,12.785975
217492,11.691035
217495,12.706672
217496,12.234557
217497,11.995924
217498,11.909231
217499,11.909231
217500,13.071759
217501,13.254208
217502,16.179483
217503,12.018557
217504,11.807472
217505,11.799224
217507,11.8579445
217509,12.684317
217510,12.684317
217511,13.878061
217514,16.095446
217515,16.142174
217516,12.959547
217519,12.880243
217520,12.668925
217521,12.490041
217522,12.082803
217523,12.082803
217525,13.378218
217526,13.392812
217527,16.353054
217529,10.759131
217530,10.74637
217532,12.036704
217535,12.307934
217536,12.307934
217537,12.005035
217539,12.959547
217540,12.731044
217541,12.959547
217545,12.880243
217546,12.601699
217547,12.169496
217548,12.082803
217549,12.082803
217550,13.245331
217551,16.394676
217552,13.217155
217555,11.9727955
217556,13.4388075
217557,12.683714
217558,12.288628
217559,12.288628
217560,12.4604025
217561,12.50713
217562,12.4604025
217566,15.518226
217567,12.103784
217570,12.974071
217571,16.105656
217574,12.138426
217575,12.138426
217576,12.12272
217579,12.138426
217580,12.185153
217581,12.310201
217584,11.654265
217585,15.368024
217586,11.953582
217587,11.841924
217588,12.898056
217589,12.898056
217590,12.730101
217591,12.858836
217592,12.629831
217594,11.193041
217595,11.126686
217596,11.67455
217599,11.495292
217600,11.495292
217601,11.303847
217602,14.016401
217604,12.138426
217605,12.185153
217606,12.310201
217607,11.274773
217608,11.274773
217609,11.654265
217610,15.557748
217611,11.953582
217612,11.5213785
217613,11.510446
217614,11.510446
217615,12.597214
217616,12.823869
217617,12.594864
217618,11.228387
217619,11.193041
217620,11.126686
217622,11.648883
217623,11.966456
217624,11.510446
217625,14.781391
217626,14.781391
217629,12.50713
217630,12.4604025
217631,11.424974
217632,11.424974
217634,15.70795
217635,11.910213
217636,11.67158
217637,11.660647
217638,11.660647
217640,12.747416
217641,13.009038
217642,12.780033
217644,11.343243
217645,11.276888
217647,11.799085
217648,12.116658
217649,11.660647
217650,15.629355
217651,15.629355
217652,12.097183
217653,13.14761
217655,15.757892
217656,12.393032
217657,11.738658
217661,14.56802
217662,12.216239
217663,15.107629
217664,11.660647
217665,11.660647
217667,12.826039
217668,12.947537
217669,12.688932
217670,11.459928
217671,11.343243
217672,11.276888
217673,14.782868
217674,11.6490135
217676,11.793534
217677,12.288628
217678,12.288628
217680,15.5963
217681,12.50713
217682,12.4604025
217685,11.804467
217686,15.518226
217687,12.103784
217688,11.9921255
217689,12.8725195
217690,11.660647
217691,12.880302
217692,12.974071
217695,11.343243
217696,11.276888
217700,12.138426
217701,12.138426
217702,12.12272
217703,13.173146
217705,15.446098
217706,15.4928255
217707,12.310201
217709,15.368024
217710,11.953582
217711,11.841924
217712,11.686184
217713,11.686184
217715,12.730101
217716,12.823869
217718,11.485464
217719,11.193041
217720,11.126686
217722,11.67455
217725,11.495292
217729,12.138426
217730,12.185153
217731,12.310201
217732,11.274773
217733,11.274773
217734,11.654265
217735,15.557748
217736,11.760012
217737,11.5213785
217738,11.686184
217739,11.686184
217741,12.597214
217742,12.858836
217743,12.629831
217744,11.404125
217745,11.193041
217746,11.126686
217747,11.495292
217748,11.495292
217750,12.138426
217751,12.185153
217752,12.362326
217753,11.274773
217756,15.557748
217757,11.760012
217758,12.232126
217759,11.686184
217761,12.858836
217762,12.819555
217765,11.126686
217768,11.495292
217769,11.479586
217772,12.310201
217773,12.185153
217774,12.310201
217775,11.274773
217778,15.557748
217779,11.760012
217780,11.5213785
217781,11.686184
217782,11.686184
217784,12.597214
217785,12.858836
217786,12.629831
217787,11.404125
217788,11.193041
217789,11.126686
217791,11.824621
217792,12.142195
217793,11.686184
217796,12.138426
217797,12.185153
217798,12.310201
217800,11.654265
217801,15.557748
217802,11.953582
217803,11.5213785
217804,12.597214
217805,15.694596
217808,11.193041
217813,13.173146
217814,12.138426
217815,12.185153
217816,12.310201
217817,11.274773
217819,12.42185
217820,11.953582
217821,11.5213785
217824,12.597214
217825,12.823869
217828,11.126686
217829,12.138426
217830,12.138426
217831,12.12272
217833,15.446098
217834,15.4928255
217835,12.310201
217838,15.368024
217839,11.953582
217840,11.841924
217841,11.686184
217843,12.730101
217844,12.823869
217845,12.819555
217846,11.485464
217847,11.193041
217848,11.126686
217849,11.67455
217851,15.274323
217852,15.274323
217853,12.12272
217855,12.310201
217856,12.356928
217857,12.310201
217861,15.368024
217862,11.953582
217863,11.841924
217864,12.730101
217865,12.823869
217866,12.594864
217867,11.485464
217869,11.126686
217870,11.495292
217871,11.495292
217874,12.185153
217875,12.362326
217879,15.557748
217880,11.760012
217881,11.5213785
217882,11.686184
217883,11.686184
217884,12.597214
217885,12.858836
217886,12.629831
217888,11.193041
217889,11.126686
217892,11.495292
217893,11.495292
217894,11.479586
217896,12.138426
217897,12.185153
217898,12.310201
217899,11.274773
217900,11.274773
217901,11.654265
217902,15.557748
217903,11.953582
217904,11.5213785
217905,11.686184
217906,11.686184
217908,12.597214
217909,12.823869
217910,12.594864
217911,11.404125
217912,11.193041
217913,11.126686
217914,14.808405
217916,11.495292
217917,11.495292
217921,12.185153
217922,12.310201
217926,15.557748
217927,11.760012
217928,11.5213785
217931,12.858836
217932,12.819555
217935,11.126686
217936,14.631189
217937,14.631189
217938,13.488231
217940,15.446098
217941,15.4928255
217942,12.310201
217946,15.368024
217947,11.760012
217948,11.841924
217949,11.686184
217950,11.686184
217951,12.730101
217952,12.858836
217953,12.781411
217954,11.485464
217955,11.193041
217956,11.126686
217958,11.67455
217963,15.274323
217964,15.274323
217965,13.488231
217968,15.446098
217969,15.4928255
217970,12.310201
217971,11.274773
217974,15.368024
217975,11.953582
217976,11.841924
217979,12.730101
217980,12.823869
217981,12.819555
217983,11.193041
217984,11.126686
217985,13.354067
217987,11.495292
217988,11.495292
217989,11.479586
217991,12.138426
217992,12.185153
217993,12.310201
217994,11.274773
217995,11.274773
217996,11.654265
217997,15.557748
217998,11.760012
217999,11.5213785
218000,11.686184
218001,11.686184
218002,12.597214
218003,12.858836
218004,12.629831
218005,11.404125
218006,11.193041
218007,11.126686
218008,14.808405
218009,11.824621
218011,11.686184
218012,11.495292
218013,11.495292
218015,15.274323
218016,15.321051
218017,12.310201
218018,14.39633
218020,14.775823
218021,15.557748
218022,11.760012
218023,11.5213785
218024,12.597214
218025,12.858836
218026,12.629831
218028,11.193041
218029,11.126686
218030,12.138426
218038,12.823869
218042,12.138426
218043,12.138426
218044,12.12272
218046,12.310201
218047,12.356928
218048,12.310201
218050,15.368024
218051,11.953582
218052,11.841924
218053,11.686184
218055,12.730101
218056,12.823869
218057,12.594864
218060,11.126686
218062,11.67455
218063,14.631189
218064,14.631189
218065,12.138426
218066,12.185153
218067,12.310201
218068,11.654265
218069,15.557748
218070,11.760012
218071,11.5213785
218072,11.686184
218073,11.686184
218074,12.597214
218075,12.858836
218076,12.629831
218077,11.404125
218078,11.193041
218079,11.126686
218082,12.142195
218083,11.686184
218084,12.138426
218085,15.274323
218086,13.488231
218089,12.310201
218090,15.4928255
218091,12.310201
218094,11.654265
218095,15.368024
218096,11.953582
218097,11.841924
218098,11.686184
218102,12.730101
218103,12.823869
218104,12.510878
218106,11.193041
218107,11.126686
218109,11.67455
218110,12.275082
218112,11.495292
218114,12.138426
218115,12.185153
218117,11.274773
218119,15.557748
218120,11.760012
218121,11.5213785
218122,12.597214
218123,12.858836
218124,12.629831
218130,12.138426
218131,12.138426
218132,12.12272
218134,12.138426
218135,12.356928
218136,12.310201
218140,15.368024
218141,11.953582
218142,11.841924
218145,12.730101
218146,12.823869
218148,11.485464
218150,11.126686
218151,11.67455
218153,12.138426
218154,12.138426
218155,12.12272
218156,15.446098
218157,15.4928255
218158,12.310201
218160,15.368024
218161,11.953582
218162,11.841924
218163,11.686184
218164,12.898056
218165,12.730101
218166,12.823869
218167,12.594864
218169,11.193041
218170,11.126686
218171,13.853697
218172,11.67455
218175,12.356928
218180,15.557748
218183,12.597214
218184,12.858836
218185,12.629831
218188,11.126686
218190,11.495292
218191,11.479586
218193,12.814921
218194,12.138426
218195,12.185153
218196,12.310201
218197,11.274773
218198,11.274773
218200,12.42185
218201,11.953582
218202,14.642936
218203,11.686184
218204,11.686184
218207,12.597214
218208,12.823869
218209,12.594864
218211,11.193041
218212,11.126686
218216,11.495292
218218,11.538396
218219,12.138426
218220,12.185153
218221,12.310201
218223,11.274773
218224,11.654265
218225,15.557748
218226,11.953582
218227,11.5213785
218228,11.744994
218229,12.597214
218230,12.823869
218231,12.594864
218234,15.274323
218235,15.274323
218236,12.18153
218239,15.446098
218240,15.4928255
218241,12.310201
218244,11.654265
218245,15.368024
218246,11.953582
218247,11.841924
218248,11.744994
218249,11.744994
218250,12.730101
218251,12.823869
218252,12.594864
218254,11.251851
218255,11.126686
218257,11.73336
218260,11.495292
218261,11.495292
218262,11.538396
218265,12.138426
218266,12.185153
218267,12.310201
218268,11.274773
218269,11.274773
218270,11.654265
218271,12.383706
218272,11.760012
218273,11.618767
218274,11.744994
218275,11.744994
218277,12.858836
218278,12.819555
218279,11.462935
218280,11.251851
218281,11.126686
218283,14.587338
218284,14.587338
218285,11.494545
218286,12.094575
218287,12.141302
218288,12.26635
218289,11.230922
218290,11.230922
218291,11.6104145
218292,15.513897
218293,11.716161
218294,11.477528
218295,11.701143
218296,11.701143
218297,12.553363
218298,12.814985
218299,12.58598
218301,11.208
218302,11.082835
218304,11.839581
218305,11.451441
218306,11.451441
218308,12.094575
218309,12.141302
218310,12.26635
218313,15.513897
218314,11.909731
218315,11.477528
218318,12.553363
218319,12.780018
218323,11.082835
218324,11.839581
218325,13.565213
218326,12.913015
218327,11.451441
218328,11.451441
218329,12.860056
218330,12.094575
218331,12.141302
218332,12.26635
218333,11.230922
218334,11.230922
218335,11.6104145
218336,15.513897
218337,11.909731
218338,11.477528
218340,11.701143
218341,12.553363
218342,12.780018
218343,12.551013
218346,11.082835
218347,11.839581
218349,11.701143
218350,12.094575
218351,12.094575
218352,13.50319
218354,12.26635
218355,12.313077
218356,12.26635
218359,11.6104145
218360,15.324173
218361,11.909731
218362,11.798073
218363,12.68625
218364,12.780018
218369,12.094575
218370,12.094575
218371,12.26635
218372,12.313077
218373,12.26635
218376,15.324173
218377,11.909731
218378,11.798073
218381,12.68625
218382,12.780018
218386,11.689509
218387,12.094575
218388,12.094575
218389,12.137679
218391,12.26635
218392,12.313077
218393,12.26635
218394,15.324173
218395,11.909731
218396,11.798073
218399,12.68625
218400,12.780018
218401,12.195778
218403,11.208
218404,11.082835
218405,11.689509
218406,12.353341
218409,11.451441
218410,11.451441
218411,12.094575
218412,12.141302
218417,12.377999
218418,11.716161
218420,12.553363
218421,12.814985
218422,12.58598
218425,11.451441
218426,11.451441
218427,12.094575
218429,12.26635
218431,15.513897
218432,11.716161
218433,11.477528
218434,11.701143
218435,11.701143
218436,12.553363
218437,12.814985
218438,12.58598
218441,11.082835
218443,12.353341
218445,14.587338
218446,14.587338
218447,12.860056
218448,12.544971
218450,12.094575
218451,12.141302
218452,12.26635
218453,14.352479
218455,14.731972
218456,15.513897
218457,11.716161
218458,11.477528
218460,11.701143
218461,12.553363
218462,12.814985
218463,12.58598
218465,11.208
218466,11.082835
218469,11.451441
218474,15.2772
218475,12.26635
218476,11.230922
218477,11.230922
218478,11.6104145
218479,15.513897
218480,11.909731
218481,11.477528
218482,12.553363
218483,12.780018
218487,11.082835
218488,11.451441
218489,11.451441
218490,11.494545
218491,12.26635
218492,12.141302
218493,12.26635
218494,11.230922
218495,14.731972
218496,15.513897
218497,11.716161
218498,11.477528
218499,11.701143
218502,12.814985
218503,12.58598
218506,11.082835
218508,11.451441
218509,11.451441
218512,12.094575
218513,12.141302
218514,12.26635
218515,11.230922
218516,11.230922
218517,14.731972
218518,15.513897
218519,11.909731
218520,11.477528
218521,11.701143
218522,11.701143
218523,12.553363
218524,12.780018
218525,12.58598
218527,11.208
218528,11.082835
218529,11.839581
218530,15.230473
218531,15.230473
218532,12.137679
218534,12.094575
218535,15.448975
218536,12.26635
218539,11.6104145
218540,15.324173
218541,11.909731
218542,11.798073
218545,12.68625
218546,12.780018
218550,11.082835
218554,11.451441
218555,11.451441
218556,11.494545
218558,12.094575
218559,12.141302
218560,12.26635
218563,15.513897
218564,11.909731
218565,11.477528
218566,11.701143
218567,11.701143
218568,12.553363
218569,12.780018
218573,11.082835
218575,11.451441
218576,11.451441
218578,13.188106
218579,15.230473
218580,15.2772
218581,12.26635
218584,15.513897
218585,11.909731
218586,11.477528
218588,12.553363
218589,12.780018
218590,12.58598
218593,11.082835
218596,11.451441
218597,11.451441
218598,11.494545
218600,12.094575
218601,12.141302
218602,12.26635
218603,11.230922
218604,11.230922
218605,11.6104145
218606,15.513897
218607,11.909731
218608,11.477528
218609,11.701143
218611,12.553363
218612,12.780018
218613,12.467027
218614,11.419085
218615,11.208
218616,11.082835
218618,12.094575
218619,12.094575
218622,12.26635
218623,12.313077
218624,12.26635
218626,15.324173
218627,11.909731
218628,11.798073
218631,12.68625
218635,11.082835
218638,14.855925
218639,14.2127905
218640,11.727437
218642,11.891802
218643,11.938529
218644,11.891802
218648,14.913931
218649,11.499489
218650,11.387831
218651,12.276008
218652,12.369776
218653,12.140771
218656,10.8027935
218658,12.094575
218659,12.094575
218660,12.137679
218663,15.402247
218664,15.448975
218665,12.26635
218667,15.324173
218668,11.909731
218669,11.798073
218670,12.913015
218671,12.913015
218673,12.68625
218674,12.780018
218675,15.87346
218676,12.712296
218677,12.509224
218678,11.082835
218679,13.868656
218680,11.689509
218683,12.094575
218684,15.230473
218685,13.50319
218686,13.188106
218688,15.402247
218689,15.448975
218690,12.26635
218694,15.324173
218695,11.909731
218696,11.798073
218697,11.701143
218698,11.701143
218700,12.68625
218701,12.780018
218702,12.551013
218703,11.500423
218704,11.208
218705,11.082835
218707,11.689509
218711,11.451441
218712,11.451441
218713,11.458851
218714,13.152411
218715,15.230473
218716,15.2772
218717,12.318475
218720,15.478203
218721,11.680467
218722,11.539222
218723,11.665449
218724,12.517669
218726,15.686184
218729,11.047141
218731,14.383657
218732,14.383657
218734,15.027699
218735,14.902652
218736,11.891802
218739,15.103655
218740,11.305919
218741,11.067286
218744,12.143121
218745,12.404743
218746,12.175738
218748,10.9279585
218749,10.8027935
218750,11.720027
218753,11.938529
218755,14.913931
218757,11.387831
218759,12.369776
218763,11.962289
218764,11.962289
218765,11.969699
218766,15.269961
218767,15.316689
218768,12.134064
218772,15.156193
218773,11.741751
218774,11.630093
218775,11.533163
218776,11.533163
218777,12.51827
218778,12.612038
218780,11.462644
218781,11.17022
218782,11.045055
218785,11.962289
218786,11.962289
218789,12.134064
218790,12.180791
218793,15.156193
218794,11.741751
218795,11.630093
218798,12.51827
218799,12.612038
218800,12.383033
218803,11.045055
218806,11.962289
218807,11.962289
218808,11.969699
218810,15.269961
218811,15.316689
218812,12.134064
218815,15.156193
218816,11.741751
218817,12.020295
218818,12.745035
218820,12.51827
218821,12.612038
218822,12.418
218824,11.17022
218825,11.045055
218827,11.521529
218828,11.490022
218833,12.009016
218834,12.134064
218836,11.442434
218837,15.345917
218838,11.548181
218839,11.406936
218840,11.533163
218842,12.385383
218844,12.418
218846,11.17022
218849,11.535149
218850,11.535149
218852,12.054143
218853,12.179191
218855,15.391044
218856,11.786878
218857,11.354674
218858,11.57829
218859,11.57829
218860,12.43051
218861,12.657165
218862,12.42816
218864,11.417253
218865,11.292088
218867,11.716727
218868,11.535149
218869,11.535149
218873,12.007416
218874,12.054143
218875,12.179191
218876,11.143763
218877,11.143763
218878,11.487561
218879,15.391044
218880,11.786878
218881,11.354674
218884,12.43051
218885,12.657165
218886,12.463127
218889,12.007416
218890,12.007416
218891,12.014826
218892,13.989942
218893,13.5210285
218894,15.315088
218895,15.361815
218896,12.179191
218898,11.143763
218899,11.487561
218900,12.065422
218901,11.909043
218902,11.67522
218903,11.57829
218904,11.57829
218907,12.563396
218908,12.657165
218909,12.42816
218911,11.417253
218912,11.292088
218913,14.0779085
218914,11.566656
218915,12.48554
218917,12.007416
218918,12.007416
218919,12.014826
218921,12.179191
218922,12.225918
218923,12.179191
218924,11.143763
218927,12.065422
218928,11.909043
218929,11.67522
218930,12.563396
218931,12.657165
218932,12.42816
218934,11.417253
218935,11.292088
218936,12.007416
218937,12.007416
218938,12.014826
218939,12.179191
218940,12.225918
218941,12.179191
218945,15.20132
218946,11.909043
218947,11.67522
218948,12.563396
218949,12.657165
218953,11.292088
218954,11.566656
218956,12.007416
218957,12.007416
218958,12.014826
218961,15.315088
218962,15.361815
218963,12.179191
218964,11.143763
218967,15.20132
218968,11.909043
218969,11.67522
218970,11.57829
218974,12.563396
218975,12.657165
218976,12.614707
218978,11.417253
218979,11.292088
218980,11.566656
218983,11.535149
218984,11.535149
218985,11.542559
218986,12.007416
218987,12.054143
218988,12.179191
218989,11.143763
218990,11.143763
218991,11.487561
218992,15.391044
218993,11.5933075
218994,11.354674
218995,11.57829
218996,11.57829
218998,12.43051
218999,12.692132
219000,12.463127
219002,11.417253
219003,11.292088
219004,15.032617
219006,11.535149
219010,12.054143
219011,12.179191
219012,14.26532
219013,11.143763
219014,15.391044
219015,11.5933075
219016,11.354674
219017,11.464072
219018,15.601375
219019,12.692132
219020,12.463127
219023,11.292088
219025,14.671046
219026,14.671046
219028,12.007416
219029,12.054143
219030,12.179191
219032,11.143763
219034,15.391044
219035,11.786878
219036,11.354674
219038,12.43051
219039,12.657165
219040,12.344173
219043,11.535149
219044,11.535149
219045,11.428341
219047,12.007416
219048,12.054143
219049,12.231316
219050,11.143763
219051,11.143763
219052,11.487561
219053,15.3529
219054,11.5933075
219055,11.354674
219056,11.464072
219057,11.464072
219058,12.346523
219059,12.657165
219060,12.344173
219062,11.417253
219063,11.292088
219065,15.143313
219066,15.143313
219067,11.900608
219068,12.179191
219069,12.225918
219070,12.179191
219072,11.487561
219073,15.20132
219074,11.786878
219075,11.67522
219076,11.464072
219077,11.464072
219078,12.563396
219079,12.657165
219082,11.417253
219083,11.292088
219089,12.297779
219090,12.297779
219091,12.190971
219092,15.605452
219093,15.652179
219094,12.469554
219098,15.491683
219099,12.199407
219100,11.965583
219101,12.85376
219102,12.947528
219105,11.582451
219106,11.742802
219107,12.740327
219108,12.740327
219109,12.633519
219110,12.912102
219111,12.958829
219112,12.912102
219116,12.798333
219117,12.641954
219118,15.544028
219119,13.296308
219120,13.034841
219121,13.161071
219123,12.150164
219124,12.024999
219127,12.26806
219129,12.740327
219130,12.787054
219131,12.912102
219132,11.782697
219135,16.123957
219136,12.326219
219137,12.087585
219138,12.196983
219139,12.196983
219140,13.163421
219141,13.425043
219142,13.196038
219143,12.361248
219144,12.150164
219145,12.024999
219147,12.335421
219149,12.913898
219150,12.913898
219151,14.172602
219154,16.221571
219155,16.2683
219156,13.085673
219159,16.107803
219160,12.815526
219161,12.581702
219162,12.370555
219163,12.370555
219165,13.469879
219166,13.563647
219167,13.36961
219169,12.323735
219170,12.19857
219172,12.358921
219175,12.441631
219176,12.441631
219177,12.334824
219179,13.085673
219180,12.960626
219181,13.085673
219185,16.297527
219186,12.69336
219187,12.261157
219188,12.370555
219189,12.370555
219190,13.336992
219191,13.563647
219192,13.250656
219195,12.19857
219196,13.7851515
219197,13.022753
219198,11.944732
219199,11.944732
219200,11.944732
219201,12.266689
219202,12.219962
219206,12.331612
219207,11.963953
219210,12.958322
219211,12.694349
219214,11.79453
219215,11.79453
219216,11.778824
219218,12.06976
219219,12.1164875
219220,12.06976
219223,11.603549
219224,12.18141
219225,14.802422
219226,12.143266
219227,11.635468
219228,11.635468
219229,12.679384
219230,12.80812
219231,12.5441475
219233,13.896431
219234,13.830076
219235,11.43411
219238,11.151396
219239,11.151396
219240,10.959951
219241,12.198291
219243,11.79453
219244,11.841257
219245,12.06976
219246,11.224056
219247,11.224056
219248,11.603549
219249,12.18141
219250,14.802422
219251,12.18141
219252,11.459729
219253,11.459729
219254,12.546497
219255,12.773152
219256,12.5441475
219257,13.891526
219258,13.896431
219259,13.830076
219261,11.4084425
219262,11.91574
219263,11.459729
219264,11.301598
219265,11.301598
219268,12.266689
219269,12.219962
219270,11.374258
219271,11.374258
219273,12.331612
219274,14.848167
219275,12.2934675
219276,11.609931
219277,11.558644
219279,12.696699
219280,12.958322
219281,12.729317
219283,14.046633
219284,12.936218
219286,11.558644
219287,12.065942
219288,11.609931
219289,15.2854595
219290,15.2854595
219291,11.753287
219292,11.072333
219294,11.937583
219295,12.152592
219296,11.937583
219300,12.149975
219301,15.188062
219302,12.025277
219303,11.609931
219304,11.558644
219306,12.775323
219307,12.896821
219308,12.642436
219309,14.123067
219310,13.002573
219311,13.980278
219312,10.312187
219313,11.408573
219315,11.327872
219316,11.944732
219317,15.080629
219319,12.219962
219320,12.266689
219321,12.219962
219324,11.753751
219325,12.331612
219326,14.952623
219327,12.2934675
219328,11.609931
219329,11.609931
219330,12.829586
219331,12.958322
219334,14.046633
219335,13.980278
219339,11.79453
219340,11.79453
219341,11.778824
219342,11.09787
219344,12.06976
219345,12.1164875
219346,12.06976
219348,12.18141
219349,14.802422
219350,12.18141
219351,11.635468
219352,11.635468
219354,12.679384
219355,12.417917
219357,14.148603
219358,13.896431
219359,13.830076
219361,11.43411
219364,11.151396
219368,11.79453
219369,11.841257
219370,12.06976
219371,11.224056
219372,11.224056
219373,11.603549
219374,12.143266
219375,14.697966
219376,12.18141
219377,11.635468
219378,11.584181
219380,12.546497
219381,12.80812
219382,12.579115
219383,14.067265
219384,13.896431
219385,13.830076
219386,11.151396
219387,11.151396
219389,11.79453
219390,11.841257
219391,12.06976
219392,11.224056
219395,15.279163
219396,12.18141
219397,12.143266
219398,11.635468
219400,12.80812
219401,12.579115
219404,13.830076
219406,11.151396
219407,11.13569
219410,12.06976
219411,11.841257
219412,12.01843
219413,11.091169
219416,12.143266
219417,14.697966
219418,12.18141
219419,11.635468
219420,11.635468
219422,12.546497
219423,12.80812
219424,12.579115
219425,13.112558
219426,13.896431
219427,13.830076
219429,11.584181
219430,12.091478
219431,11.635468
219434,11.79453
219435,11.841257
219436,12.06976
219438,11.603549
219439,12.18141
219440,11.680864
219441,12.18141
219442,12.546497
219443,15.64388
219446,12.852371
219451,11.09787
219452,11.79453
219453,11.841257
219454,12.06976
219455,11.224056
219457,15.317307
219458,14.802422
219459,12.143266
219462,12.546497
219463,12.773152
219466,13.830076
219467,11.79453
219468,11.79453
219469,11.778824
219471,12.06976
219472,12.1164875
219473,12.06976
219476,12.18141
219477,14.802422
219478,12.143266
219479,11.635468
219481,12.679384
219482,12.80812
219483,15.676868
219484,14.148603
219485,13.896431
219486,13.830076
219487,11.43411
219489,14.930428
219490,14.930428
219491,13.144335
219493,12.06976
219494,12.1164875
219495,12.06976
219499,12.18141
219500,14.802422
219501,12.18141
219502,12.679384
219503,12.773152
219504,12.5441475
219505,14.148603
219507,13.830076
219508,11.151396
219509,11.151396
219512,11.841257
219513,12.01843
219517,12.143266
219518,14.697966
219519,12.18141
219520,11.635468
219521,11.635468
219522,12.546497
219523,12.80812
219524,12.579115
219526,12.852371
219527,13.830076
219530,11.151396
219531,14.287293
219532,11.13569
219534,11.79453
219535,11.841257
219536,12.06976
219537,11.224056
219538,11.224056
219539,11.603549
219540,12.18141
219541,14.802422
219542,12.18141
219543,11.635468
219544,11.635468
219546,12.546497
219547,12.773152
219548,12.5441475
219549,14.067265
219550,13.896431
219551,13.830076
219552,10.337477
219554,11.151396
219555,11.151396
219559,11.841257
219560,12.06976
219564,15.317307
219565,14.697966
219566,12.143266
219568,12.80812
219569,12.579115
219572,12.786016
219573,14.287293
219574,14.287293
219575,13.144335
219577,12.06976
219578,12.1164875
219579,12.06976
219583,12.18141
219584,14.697966
219585,12.18141
219586,11.635468
219587,11.584181
219588,12.679384
219589,12.689166
219590,12.579115
219591,14.148603
219592,13.896431
219593,13.830076
219595,11.43411
219599,14.930428
219600,14.930428
219601,13.144335
219604,12.06976
219605,12.1164875
219606,12.06976
219607,11.224056
219610,12.143266
219611,14.802422
219612,12.143266
219615,12.679384
219616,12.689166
219617,12.5441475
219619,13.896431
219620,13.830076
219621,13.30335
219623,11.151396
219624,11.151396
219625,11.13569
219627,11.79453
219628,11.841257
219629,12.06976
219630,11.224056
219631,11.224056
219632,11.603549
219633,12.143266
219634,14.697966
219635,12.143266
219636,11.635468
219637,11.635468
219638,12.546497
219639,12.80812
219640,12.579115
219641,14.067265
219642,12.852371
219643,13.830076
219644,10.23717
219645,11.584181
219647,11.635468
219648,11.151396
219649,11.151396
219651,11.79453
219652,11.841257
219653,12.01843
219654,11.091169
219656,11.603549
219657,12.18141
219658,11.576408
219659,12.18141
219660,12.546497
219661,12.80812
219662,12.579115
219664,12.852371
219665,12.786016
219666,11.79453
219674,12.80812
219678,11.79453
219679,11.79453
219680,11.778824
219682,12.06976
219683,12.1164875
219684,12.06976
219686,12.18141
219687,14.802422
219688,12.143266
219689,11.635468
219691,12.679384
219692,12.773152
219693,12.5441475
219696,13.830076
219698,11.43411
219699,11.151396
219700,11.151396
219701,11.79453
219702,11.841257
219703,12.01843
219704,11.603549
219705,12.18141
219706,14.697966
219707,12.18141
219708,11.635468
219709,11.635468
219710,12.546497
219711,12.80812
219712,12.579115
219713,13.112558
219714,13.896431
219715,13.830076
219718,12.091478
219719,11.635468
219720,14.930428
219721,14.930428
219722,13.144335
219725,12.06976
219726,12.1164875
219727,12.06976
219730,11.603549
219731,12.18141
219732,14.802422
219733,12.143266
219734,11.584181
219738,12.679384
219739,12.773152
219740,12.579115
219742,13.896431
219743,12.786016
219745,11.43411
219746,11.80942
219748,11.151396
219750,11.79453
219751,11.841257
219753,11.224056
219755,12.143266
219756,14.697966
219757,12.18141
219758,12.581465
219759,12.80812
219760,12.579115
219766,11.79453
219767,11.79453
219768,11.778824
219770,12.06976
219771,12.1164875
219772,12.06976
219776,12.18141
219777,14.802422
219778,12.143266
219780,12.679384
219781,12.80812
219783,14.148603
219785,13.830076
219786,11.43411
219788,11.79453
219789,11.79453
219790,11.778824
219791,12.06976
219792,12.1164875
219793,12.06976
219795,12.18141
219796,14.802422
219797,12.18141
219798,11.635468
219799,12.84734
219800,12.679384
219801,12.773152
219802,12.5441475
219804,13.896431
219805,13.830076
219806,10.337477
219807,11.43411
219810,12.1164875
219815,12.18141
219818,12.546497
219819,12.80812
219820,12.579115
219823,12.786016
219825,11.151396
219826,11.13569
219828,10.739645
219829,11.79453
219830,11.841257
219831,12.06976
219832,11.224056
219833,11.224056
219835,12.18141
219836,14.802422
219837,12.18141
219838,11.635468
219839,11.635468
219842,12.546497
219843,12.773152
219844,12.5441475
219846,13.896431
219847,13.830076
219851,11.151396
219853,11.1945
219854,11.79453
219855,11.841257
219856,12.06976
219858,11.224056
219859,11.603549
219860,12.18141
219861,14.802422
219862,11.484064
219864,11.694278
219865,12.546497
219866,12.773152
219867,12.5441475
219870,14.930428
219871,14.930428
219872,11.837634
219875,12.06976
219876,12.1164875
219877,12.06976
219880,11.603549
219881,12.18141
219882,11.680864
219883,12.143266
219884,11.694278
219885,11.694278
219886,12.679384
219887,12.773152
219888,12.5441475
219890,13.955241
219891,13.830076
219893,11.49292
219896,11.151396
219897,11.151396
219898,11.1945
219901,11.79453
219902,11.841257
219903,12.06976
219904,11.224056
219905,11.091169
219906,11.603549
219907,15.279163
219908,14.697966
219909,12.143266
219910,11.694278
219911,11.694278
219913,12.80812
219914,12.579115
219915,13.171369
219916,13.955241
219917,12.786016
219919,14.243443
219920,14.243443
219921,11.150649
219922,11.750679
219923,11.797406
219924,11.974579
219925,11.180205
219926,11.180205
219927,11.559698
219928,12.099415
219929,14.654115
219930,12.099415
219931,11.650427
219932,11.650427
219933,12.502646
219934,12.764269
219935,12.535264
219937,13.91139
219938,12.742166
219940,11.59914
219941,11.107545
219942,11.107545
219944,11.750679
219945,11.797406
219946,12.025909
219949,12.137559
219950,14.758571
219951,12.137559
219954,12.502646
219955,12.729301
219959,12.742166
219960,11.59914
219961,13.514497
219962,12.862299
219963,11.107545
219964,11.107545
219965,11.150649
219966,11.750679
219967,11.797406
219968,12.025909
219969,11.047318
219970,11.047318
219971,11.559698
219972,12.137559
219973,14.758571
219974,12.099415
219976,11.650427
219977,12.502646
219978,12.729301
219979,12.500297
219982,13.786225
219983,11.59914
219985,11.650427
219986,11.750679
219987,14.886577
219988,11.793783
219990,12.025909
219991,12.072637
219992,12.025909
219995,11.559698
219996,12.137559
219997,14.758571
219998,12.099415
219999,12.635533
220000,12.374066
220005,11.750679
220006,11.750679
220007,12.025909
220008,12.072637
220009,12.025909
220012,12.137559
220013,14.758571
220014,12.137559
220017,12.635533
220018,12.729301
220022,11.449069
220023,11.750679
220024,11.750679
220025,11.793783
220027,12.025909
220028,12.072637
220029,12.025909
220030,12.137559
220031,14.758571
220032,12.137559
220035,12.635533
220036,12.374066
220037,12.500297
220039,13.91139
220040,13.786225
220041,11.449069
220042,12.302625
220045,11.107545
220046,11.107545
220047,11.750679
220048,11.797406
220053,12.099415
220054,14.654115
220056,12.502646
220057,12.764269
220058,12.535264
220061,11.107545
220062,11.107545
220063,11.750679
220065,12.025909
220067,15.273457
220068,14.654115
220069,12.099415
220070,11.650427
220071,11.650427
220072,12.502646
220073,12.764269
220074,12.535264
220077,13.786225
220079,12.302625
220080,11.107545
220081,14.243443
220082,12.51616
220083,10.469695
220085,11.750679
220086,11.797406
220087,12.025909
220088,14.301763
220090,11.559698
220091,12.099415
220092,14.654115
220093,12.099415
220095,11.650427
220096,12.502646
220097,12.764269
220098,12.535264
220100,13.91139
220101,13.786225
220103,11.107545
220108,11.797406
220109,12.025909
220110,11.180205
220111,11.180205
220112,11.559698
220113,12.137559
220114,14.758571
220115,12.099415
220116,12.502646
220117,12.645315
220121,13.786225
220122,11.107545
220123,11.107545
220124,11.150649
220125,12.025909
220126,11.797406
220127,11.974579
220128,11.180205
220129,11.559698
220130,12.137559
220131,14.654115
220132,12.137559
220133,11.650427
220135,12.764269
220136,12.535264
220139,13.786225
220141,11.107545
220142,11.107545
220145,11.750679
220146,11.797406
220147,12.025909
220148,14.301763
220149,11.180205
220150,14.681255
220151,12.137559
220152,14.758571
220153,12.137559
220154,11.650427
220155,11.650427
220156,12.502646
220157,12.729301
220158,12.500297
220160,13.91139
220161,12.742166
220162,11.59914
220163,14.886577
220164,14.886577
220165,11.793783
220167,11.750679
220168,12.072637
220169,12.025909
220172,11.559698
220173,12.137559
220174,14.758571
220175,12.099415
220178,12.635533
220179,12.764269
220183,13.786225
220187,11.107545
220188,11.107545
220189,11.150649
220191,11.750679
220192,11.797406
220193,12.025909
220196,12.137559
220197,14.758571
220198,12.137559
220199,11.59914
220200,11.650427
220201,12.502646
220202,12.729301
220206,13.786225
220208,11.107545
220209,11.107545
220211,11.112829
220212,11.750679
220213,11.797406
220214,12.025909
220217,15.273457
220218,14.758571
220219,12.099415
220221,12.502646
220222,12.374066
220223,12.500297
220226,13.786225
220229,11.107545
220230,11.107545
220231,11.150649
220233,11.750679
220234,11.797406
220235,12.025909
220236,11.180205
220237,11.180205
220238,11.559698
220239,15.273457
220240,14.758571
220241,12.137559
220242,11.650427
220244,12.502646
220245,12.729301
220246,12.500297
220247,14.082224
220248,13.91139
220249,13.786225
220251,11.750679
220252,11.750679
220255,12.025909
220256,12.072637
220257,12.025909
220259,12.099415
220260,14.758571
220261,12.137559
220263,12.635533
220267,12.742166
220270,14.512029
220271,13.868895
220272,11.383541
220274,11.651361
220275,11.698089
220276,11.651361
220280,11.727317
220281,14.348329
220282,11.727317
220283,12.225291
220284,12.319059
220285,12.0900545
220288,13.506184
220290,11.750679
220291,11.750679
220292,11.793783
220295,12.025909
220296,12.072637
220297,12.025909
220299,12.137559
220300,14.758571
220301,12.099415
220302,12.862299
220303,12.811012
220305,12.635533
220306,12.764269
220307,12.500297
220308,14.163563
220309,13.91139
220310,12.742166
220311,10.470246
220312,11.449069
220315,14.886577
220316,14.886577
220317,13.159294
220318,11.112829
220320,12.025909
220321,12.072637
220322,12.025909
220326,12.137559
220327,14.758571
220328,12.137559
220329,11.650427
220330,11.650427
220332,12.635533
220333,12.729301
220334,12.500297
220335,14.163563
220336,13.91139
220337,13.786225
220339,11.449069
220343,11.107545
220344,11.107545
220345,11.114955
220346,11.077135
220347,14.886577
220348,11.797406
220349,12.025909
220352,12.101865
220353,14.618421
220354,12.101865
220355,11.614733
220356,12.466952
220358,15.635468
220361,13.750531
220363,14.039762
220364,10.903864
220366,11.651361
220367,11.422858
220368,11.651361
220371,14.82507
220372,14.243873
220373,11.689173
220376,12.092404
220377,12.354027
220378,12.125022
220380,13.631349
220381,13.506184
220382,11.376131
220385,11.422858
220387,11.727317
220389,11.727317
220391,12.319059
220395,11.618393
220396,11.618393
220397,11.625803
220398,11.893623
220399,11.940351
220400,11.893623
220404,11.969579
220405,14.5905905
220406,11.931435
220407,11.482447
220408,11.482447
220409,12.467553
220410,12.477335
220412,13.171077
220413,12.829551
220414,12.704386
220417,11.618393
220418,11.618393
220421,11.893623
220422,11.940351
220424,11.969579
220425,14.5905905
220426,11.931435
220429,12.467553
220430,12.596289
220431,12.332316
220434,13.7484455
220436,11.618393
220437,11.618393
220438,11.625803
220440,11.893623
220441,11.940351
220442,11.893623
220445,11.969579
220446,11.469033
220447,11.931435
220448,11.482447
220450,12.467553
220451,12.477335
220452,12.332316
220454,13.8736105
220455,13.7484455
220457,11.281089
220458,11.146126
220463,11.66512
220464,11.893623
220467,11.391718
220468,15.067332
220469,14.486135
220470,11.931435
220471,11.482447
220473,12.334666
220475,12.367284
220477,13.8736105
220480,11.191253
220481,11.191253
220484,11.710247
220485,11.93875
220487,11.976562
220488,14.635717
220489,12.014706
220490,11.527574
220491,11.527574
220492,12.379793
220493,12.606448
220494,12.412411
220496,14.120643
220497,12.951418
220499,11.476287
220500,11.191253
220501,11.191253
220505,11.66352
220506,11.710247
220507,11.93875
220508,11.093046
220509,11.093046
220510,11.436845
220511,12.014706
220512,14.635717
220513,12.014706
220516,12.379793
220517,12.606448
220518,12.377443
220521,11.66352
220522,11.66352
220523,11.67093
220524,11.914665
220525,11.445752
220526,11.93875
220527,11.985477
220528,11.93875
220530,11.093046
220531,11.436845
220532,12.014706
220533,11.636326
220534,11.976562
220535,11.527574
220536,11.476287
220539,12.51268
220540,12.522462
220541,12.377443
220543,14.120643
220544,12.951418
220545,10.726843
220546,11.326216
220547,12.229818
220549,11.66352
220550,11.66352
220551,11.67093
220553,11.93875
220554,11.985477
220555,11.93875
220556,11.093046
220559,12.014706
220560,14.89077
220561,12.014706
220562,12.51268
220563,12.641416
220564,12.377443
220566,14.120643
220567,13.995478
220568,11.66352
220569,11.66352
220570,11.67093
220571,11.93875
220572,11.985477
220573,11.93875
220577,12.014706
220578,14.757883
220579,11.976562
220580,12.51268
220581,12.251213
220585,12.951418
220586,11.326216
220588,11.66352
220589,11.66352
220590,11.67093
220593,11.93875
220594,11.985477
220595,11.93875
220596,11.093046
220599,12.014706
220600,11.636326
220601,11.976562
220602,11.527574
220606,12.51268
220607,12.522462
220608,12.412411
220610,13.076583
220611,13.995478
220612,11.326216
220615,11.191253
220616,11.191253
220617,11.198663
220618,11.66352
220619,11.710247
220620,11.88742
220621,11.093046
220622,11.093046
220623,11.436845
220624,11.976562
220625,14.531261
220626,11.976562
220627,11.476287
220628,11.527574
220630,12.379793
220631,12.641416
220632,12.412411
220634,13.076583
220635,12.951418
220636,10.726843
220638,11.191253
220642,11.710247
220643,11.88742
220644,11.093046
220645,11.093046
220646,15.150603
220647,14.531261
220648,11.976562
220649,11.413356
220650,12.414761
220651,12.641416
220652,12.412411
220655,13.995478
220657,14.32715
220658,14.32715
220660,11.66352
220661,11.710247
220662,11.93875
220664,11.093046
220666,12.014706
220667,14.635717
220668,11.976562
220670,12.379793
220671,12.606448
220672,12.377443
220675,11.191253
220676,11.191253
220677,11.084445
220679,11.66352
220680,11.710247
220681,11.93875
220682,11.093046
220683,11.093046
220684,11.436845
220685,12.014706
220686,14.531261
220687,12.014706
220688,11.413356
220689,11.413356
220690,12.379793
220691,12.606448
220692,12.377443
220694,14.120643
220695,13.995478
220697,14.7994175
220698,14.7994175
220699,11.556712
220700,11.93875
220701,11.985477
220702,11.93875
220704,11.436845
220705,15.150603
220706,14.635717
220707,12.014706
220708,11.413356
220709,11.413356
220710,12.51268
220711,12.606448
220714,14.120643
220715,13.995478
220721,11.953883
220722,11.953883
220723,11.847075
220724,12.229114
220725,12.275841
220726,12.229114
220730,12.305069
220731,15.048246
220732,12.266925
220733,12.803043
220734,12.931779
220737,13.241781
220738,11.502361
220739,12.396431
220740,12.396431
220741,12.289623
220742,12.671661
220743,12.718389
220744,12.671661
220748,12.747617
220749,15.490794
220750,15.883514
220751,13.245591
220752,13.339359
220753,13.110354
220755,14.853554
220756,14.728389
220759,11.924164
220761,12.396431
220762,12.443158
220763,12.671661
220764,11.73198
220767,12.747617
220768,15.264173
220769,12.357414
220770,12.146267
220771,12.146267
220772,13.112704
220773,16.2594
220774,13.145322
220775,14.069681
220776,14.853554
220777,14.728389
220779,12.09498
220781,12.570003
220782,12.570003
220783,13.828706
220786,12.845233
220787,12.89196
220788,12.845233
220791,12.921188
220792,15.664366
220793,12.883044
220794,12.319839
220795,12.319839
220797,13.419163
220798,13.512931
220799,13.283926
220801,15.027125
220802,14.90196
220804,12.118481
220807,12.097735
220808,12.097735
220809,11.990928
220811,12.845233
220812,12.61673
220813,12.845233
220816,12.921188
220817,15.5422
220818,12.210441
220819,12.319839
220820,12.319839
220821,13.286276
220822,13.512931
220823,13.283926
220826,14.90196
220827,12.268552
220828,12.972036
220829,12.099991
220830,12.099991
220831,12.099991
220832,12.146718
220833,12.375221
220837,12.448727
220838,15.08551
220841,12.879148
220842,12.694349
220845,11.949789
220846,11.949789
220847,11.854909
220850,11.949789
220851,11.996516
220852,12.225019
220855,11.603549
220856,12.18141
220857,14.802422
220858,12.298525
220859,11.505007
220860,11.5562935
220861,12.679384
220862,12.338743
220863,12.5441475
220865,13.910153
220866,12.668607
220867,11.510195
220870,11.306655
220871,11.306655
220872,11.0360365
220873,12.405508
220875,11.949789
220876,11.996516
220877,12.225019
220878,11.224056
220879,11.224056
220880,11.603549
220881,12.18141
220882,14.802422
220883,12.298525
220884,11.380555
220885,11.380555
220886,12.546497
220887,12.693978
220888,12.5441475
220889,13.943484
220890,13.948389
220891,13.882034
220893,11.329268
220894,11.836566
220895,11.380555
220896,11.456857
220897,14.592754
220900,12.421948
220901,12.375221
220902,11.374258
220903,11.374258
220905,12.331612
220906,14.848167
220907,12.331612
220908,11.530757
220909,11.530757
220911,12.696699
220912,12.879148
220913,12.729317
220915,14.098591
220916,12.857044
220918,11.47947
220919,11.986768
220920,11.530757
220921,15.440719
220922,15.440719
220923,11.829372
220924,11.148418
220926,12.092842
220927,12.3510895
220928,11.653477
220932,12.063421
220933,15.188062
220934,12.180536
220935,11.530757
220936,11.530757
220938,12.775323
220939,12.852614
220940,12.642436
220941,14.136789
220942,12.885163
220943,12.818809
220944,10.1947775
220945,11.484658
220947,11.248698
220948,15.2358885
220949,15.2358885
220951,12.375221
220952,12.421948
220953,12.375221
220956,11.753751
220957,12.448727
220958,14.952623
220959,12.448727
220960,12.873761
220961,12.873761
220962,12.829586
220963,12.879148
220966,14.060355
220967,13.994
220970,11.949789
220971,11.949789
220972,11.854909
220973,11.173955
220975,12.225019
220976,12.271747
220977,12.225019
220979,12.18141
220980,14.802422
220981,12.298525
220982,11.5562935
220983,11.5562935
220985,12.679384
220986,12.609992
220988,14.162326
220989,13.910153
220990,13.843799
220992,11.510195
220995,11.306655
220999,11.949789
221000,11.996516
221001,12.173689
221002,11.091169
221003,11.224056
221004,11.603549
221005,12.298525
221006,14.697966
221007,12.18141
221008,11.5562935
221009,11.5562935
221011,12.546497
221012,12.728946
221013,12.579115
221014,14.119223
221015,12.773197
221016,12.706842
221017,11.306655
221018,11.306655
221020,11.949789
221021,11.996516
221022,12.173689
221023,11.224056
221026,15.4344225
221027,14.697966
221028,12.298525
221029,11.5562935
221032,12.728946
221033,12.579115
221036,13.882034
221039,14.442553
221040,11.211775
221043,12.225019
221044,11.996516
221045,12.173689
221046,11.224056
221049,12.298525
221050,14.697966
221051,12.18141
221052,11.5562935
221053,11.505007
221055,12.546497
221056,12.728946
221057,12.579115
221058,13.033384
221059,12.773197
221060,12.706842
221062,11.505007
221063,12.012304
221064,11.5562935
221067,11.949789
221068,11.996516
221069,12.225019
221071,11.603549
221072,12.18141
221073,14.802422
221074,12.298525
221075,12.546497
221076,15.745146
221079,13.948389
221084,11.173955
221085,11.949789
221086,11.996516
221087,12.225019
221088,11.224056
221090,12.298525
221091,14.802422
221092,12.298525
221095,12.546497
221096,12.693978
221099,13.882034
221100,11.949789
221101,11.949789
221102,11.854909
221104,11.949789
221105,12.271747
221106,12.225019
221109,12.298525
221110,14.802422
221111,12.298525
221112,11.505007
221114,12.679384
221115,12.728946
221116,12.69623
221117,14.162326
221118,13.910153
221119,13.843799
221120,11.510195
221122,15.085687
221123,15.085687
221124,11.854909
221126,12.225019
221127,12.271747
221128,12.225019
221132,12.18141
221133,14.935308
221134,12.18141
221135,12.679384
221136,12.728946
221137,12.5441475
221138,14.162326
221140,12.668607
221141,11.306655
221142,11.306655
221145,11.996516
221146,12.173689
221149,12.18141
221150,14.697966
221151,12.298525
221152,11.622122
221153,11.5562935
221154,12.546497
221155,12.728946
221156,12.579115
221158,13.948389
221159,12.706842
221162,11.306655
221163,11.306655
221164,11.211775
221166,11.949789
221167,11.996516
221168,12.225019
221169,11.224056
221170,11.224056
221171,11.603549
221172,12.18141
221173,14.802422
221174,12.298525
221175,11.505007
221176,11.505007
221178,12.546497
221179,12.609992
221180,12.5441475
221181,14.119223
221182,13.948389
221183,13.882034
221184,10.220067
221186,11.306655
221187,11.306655
221191,11.996516
221192,12.225019
221196,15.317307
221197,14.697966
221198,11.470662
221201,12.728946
221202,12.579115
221205,13.882034
221206,14.442553
221207,14.442553
221208,13.351552
221210,12.225019
221211,12.271747
221212,12.225019
221216,15.4344225
221217,14.697966
221218,12.298525
221219,11.5562935
221220,11.5562935
221221,12.679384
221222,12.609992
221223,12.5441475
221224,14.162326
221225,13.910153
221226,13.843799
221228,11.510195
221232,11.949789
221233,15.085687
221234,13.351552
221237,12.225019
221238,12.271747
221239,12.225019
221240,11.224056
221243,12.298525
221244,14.802422
221245,12.298525
221248,12.679384
221249,12.728946
221250,12.5441475
221252,13.910153
221253,13.843799
221254,12.012304
221256,11.306655
221257,11.306655
221258,11.211775
221260,11.949789
221261,11.996516
221262,12.225019
221263,11.224056
221264,11.224056
221265,11.603549
221266,12.298525
221267,14.697966
221268,12.18141
221269,11.5562935
221270,11.5562935
221271,12.546497
221272,12.728946
221273,12.579115
221274,13.033384
221275,13.910153
221276,13.882034
221277,10.220067
221278,11.505007
221280,11.5562935
221281,11.306655
221282,11.306655
221284,11.949789
221285,11.996516
221286,12.225019
221287,11.224056
221289,11.603549
221290,12.18141
221291,14.697966
221292,12.18141
221293,12.546497
221294,12.728946
221295,12.579115
221297,12.773197
221298,12.706842
221299,11.949789
221307,12.693978
221311,11.949789
221312,11.949789
221313,11.854909
221315,12.225019
221316,12.271747
221317,12.225019
221319,12.298525
221320,14.802422
221321,12.298525
221322,11.5562935
221324,12.679384
221325,12.728946
221326,12.5441475
221329,12.668607
221331,11.510195
221332,11.306655
221333,11.306655
221334,11.949789
221335,11.996516
221336,12.173689
221337,11.603549
221338,12.18141
221339,14.697966
221340,12.18141
221341,11.5562935
221342,11.5562935
221343,12.546497
221344,12.728946
221345,12.579115
221346,13.033384
221347,12.773197
221348,13.882034
221351,12.012304
221352,11.5562935
221353,15.085687
221354,15.085687
221355,13.351552
221358,12.225019
221359,12.271747
221360,12.225019
221363,11.603549
221364,12.18141
221365,14.802422
221366,12.298525
221367,11.5562935
221371,12.679384
221372,12.338743
221373,12.69623
221375,12.7349615
221376,12.668607
221378,11.510195
221379,12.145191
221381,11.306655
221383,11.949789
221384,11.996516
221386,11.224056
221388,12.298525
221389,14.697966
221390,12.298525
221391,12.546497
221392,12.728946
221393,12.579115
221399,11.949789
221400,11.949789
221401,11.854909
221403,11.949789
221404,11.996516
221405,12.225019
221409,12.298525
221410,14.802422
221411,12.298525
221414,12.679384
221415,12.728946
221417,13.076488
221419,13.843799
221420,11.510195
221422,11.949789
221423,11.949789
221424,11.854909
221425,12.225019
221426,12.271747
221427,12.225019
221429,12.298525
221430,14.802422
221431,12.298525
221432,12.899298
221433,12.899298
221434,12.679384
221435,12.693978
221436,12.5441475
221438,13.910153
221439,13.843799
221440,10.220067
221441,11.510195
221444,12.271747
221449,12.298525
221452,12.546497
221453,12.728946
221454,12.579115
221457,13.882034
221459,11.306655
221460,11.211775
221462,12.2230215
221463,11.949789
221464,11.996516
221465,12.225019
221466,11.224056
221467,11.224056
221469,12.18141
221470,14.802422
221471,12.18141
221472,11.5562935
221473,11.505007
221476,12.546497
221477,12.693978
221478,12.5441475
221480,13.948389
221481,13.882034
221485,11.306655
221487,11.153668
221488,11.949789
221489,11.996516
221490,12.225019
221492,11.224056
221493,11.603549
221494,12.18141
221495,14.802422
221496,12.18141
221498,11.498187
221499,12.546497
221500,12.728946
221501,12.5441475
221504,15.085687
221505,15.085687
221506,11.7968025
221509,12.225019
221510,12.271747
221511,12.225019
221514,11.603549
221515,12.18141
221516,14.802422
221517,12.298525
221518,11.498187
221519,11.498187
221520,12.679384
221521,12.693978
221522,12.5441475
221524,13.852047
221525,13.843799
221527,11.452088
221530,11.306655
221531,11.306655
221532,11.153668
221535,11.949789
221536,11.996516
221537,12.173689
221538,11.224056
221539,11.224056
221540,11.603549
221541,12.298525
221542,14.697966
221543,12.298525
221544,11.498187
221545,11.498187
221547,12.728946
221548,12.579115
221549,14.061116
221550,13.890283
221551,12.706842
221553,14.398702
221554,11.262804
221555,11.1098175
221556,11.905938
221557,11.952665
221558,12.181169
221559,11.180205
221560,11.180205
221561,11.559698
221562,12.254674
221563,14.654115
221564,12.254674
221565,11.454336
221566,11.454336
221567,12.502646
221568,12.685095
221569,12.535264
221571,13.846432
221572,12.662992
221574,11.403049
221575,11.262804
221576,11.262804
221578,11.905938
221579,11.952665
221580,12.181169
221583,12.137559
221584,14.758571
221585,12.137559
221588,12.502646
221589,12.685095
221593,13.838183
221594,11.403049
221595,13.449538
221596,12.79734
221597,11.262804
221598,11.262804
221599,11.1098175
221600,11.905938
221601,11.952665
221602,12.181169
221603,11.180205
221604,11.180205
221605,11.559698
221606,12.254674
221607,14.758571
221608,12.137559
221610,11.454336
221611,12.502646
221612,12.685095
221613,12.500297
221616,13.838183
221617,11.403049
221619,11.454336
221620,15.041836
221621,15.041836
221622,13.249595
221624,12.181169
221625,12.227896
221626,12.181169
221629,11.559698
221630,12.254674
221631,14.758571
221632,12.254674
221633,12.635533
221634,12.294892
221639,11.905938
221640,11.905938
221641,12.181169
221642,12.227896
221643,12.181169
221646,12.137559
221647,14.758571
221648,12.254674
221651,12.635533
221652,12.650127
221656,11.408237
221657,11.905938
221658,11.905938
221659,11.752952
221661,12.181169
221662,12.227896
221663,12.181169
221664,12.137559
221665,14.758571
221666,12.254674
221669,12.635533
221670,12.650127
221671,12.500297
221673,13.808196
221674,13.799948
221675,11.408237
221676,12.106534
221679,11.262804
221680,11.262804
221681,11.905938
221682,11.952665
221687,12.254674
221688,14.654115
221690,12.502646
221691,12.685095
221692,12.535264
221695,11.262804
221696,11.262804
221697,11.905938
221699,12.181169
221701,12.254674
221702,14.654115
221703,12.137559
221704,11.403049
221705,11.454336
221706,12.502646
221707,12.685095
221708,12.535264
221711,13.838183
221713,12.106534
221715,14.398702
221716,14.398702
221717,12.606461
221718,10.428864
221720,11.905938
221721,11.952665
221722,12.181169
221723,11.180205
221725,11.559698
221726,12.254674
221727,14.654115
221728,12.137559
221730,11.454336
221731,12.502646
221732,12.685095
221733,12.535264
221735,13.846432
221736,13.838183
221739,11.262804
221744,11.952665
221745,12.181169
221746,11.047318
221747,11.180205
221748,11.426811
221749,12.137559
221750,14.758571
221751,12.137559
221752,12.502646
221753,12.650127
221757,13.838183
221758,11.262804
221759,11.262804
221760,11.1098175
221761,12.181169
221762,11.952665
221763,12.181169
221764,11.180205
221765,11.559698
221766,12.254674
221767,14.654115
221768,12.137559
221769,11.454336
221771,12.685095
221772,12.535264
221775,13.838183
221777,11.262804
221778,11.262804
221781,11.905938
221782,11.952665
221783,12.181169
221784,14.301763
221785,11.180205
221786,11.559698
221787,12.137559
221788,14.758571
221789,12.254674
221790,11.403049
221791,11.403049
221792,12.502646
221793,12.650127
221794,12.500297
221796,12.67124
221797,12.662992
221798,11.403049
221799,11.905938
221800,11.905938
221801,11.752952
221803,11.905938
221804,11.952665
221805,12.181169
221808,11.559698
221809,12.137559
221810,14.758571
221811,12.254674
221814,12.635533
221815,12.685095
221819,12.624756
221823,11.262804
221824,11.262804
221825,11.1098175
221827,11.905938
221828,11.952665
221829,12.181169
221832,12.137559
221833,14.758571
221834,12.254674
221835,11.454336
221836,11.454336
221837,12.502646
221838,12.650127
221842,13.838183
221844,11.262804
221845,11.262804
221847,11.071998
221848,11.905938
221849,11.952665
221850,12.181169
221853,12.137559
221854,14.758571
221855,12.254674
221857,12.502646
221858,12.650127
221859,12.500297
221862,13.838183
221865,11.262804
221866,11.262804
221867,11.1098175
221869,11.905938
221870,11.952665
221871,12.181169
221872,11.047318
221873,11.180205
221874,11.559698
221875,15.273457
221876,14.758571
221877,12.137559
221878,11.454336
221880,12.502646
221881,12.650127
221882,12.500297
221883,14.017265
221884,13.846432
221885,13.838183
221887,11.905938
221888,11.905938
221891,12.181169
221892,12.227896
221893,12.181169
221895,12.137559
221896,14.758571
221897,12.254674
221900,12.635533
221904,13.799948
221907,14.667288
221908,14.024154
221909,11.34271
221911,11.806621
221912,11.853348
221913,11.806621
221917,11.727317
221918,14.348329
221919,11.844432
221920,12.225291
221921,11.88465
221922,12.0900545
221925,13.519906
221927,11.905938
221928,11.905938
221929,11.752952
221932,12.181169
221933,12.227896
221934,12.181169
221936,12.137559
221937,14.758571
221938,12.254674
221939,12.550112
221940,12.79734
221942,12.635533
221943,12.294892
221944,12.500297
221945,14.060369
221946,13.808196
221947,13.799948
221948,10.23592
221949,11.408237
221950,15.041836
221951,15.041836
221952,13.249595
221953,11.071998
221955,12.181169
221956,12.227896
221957,12.181169
221961,12.137559
221962,14.758571
221963,12.254674
221964,11.454336
221965,11.454336
221967,12.635533
221968,12.685095
221969,12.500297
221970,12.97453
221971,13.808196
221972,13.799948
221974,11.408237
221978,11.262804
221979,11.262804
221980,11.074123
221981,11.0363035
221982,15.041836
221983,11.952665
221984,12.129838
221987,12.21898
221988,14.618421
221989,12.21898
221990,11.418642
221991,12.466952
221993,12.49957
221996,13.802489
221998,11.059123
221999,11.059123
222001,11.806621
222002,11.578117
222003,11.75529
222006,11.844432
222007,14.243873
222008,11.844432
222011,12.092404
222012,12.274853
222013,12.125022
222015,13.56639
222016,13.558142
222017,11.53139
222020,11.853348
222022,11.844432
222024,11.727317
222026,12.274853
222030,11.773652
222031,11.773652
222032,11.584971
222033,12.0488825
222034,12.09561
222035,12.0488825
222039,11.969579
222040,14.5905905
222041,12.086694
222042,11.286356
222043,11.286356
222044,12.467553
222045,12.482147
222047,14.022589
222048,12.595224
222049,12.586976
222052,11.773652
222053,11.773652
222056,12.0488825
222057,12.09561
222060,11.969579
222061,14.5905905
222062,12.086694
222065,12.467553
222066,12.482147
222067,12.332316
222070,13.762168
222073,11.773652
222074,11.773652
222075,11.584971
222077,12.0488825
222078,12.09561
222079,12.0488825
222082,11.969579
222083,14.5905905
222084,12.086694
222085,12.62936
222087,12.467553
222088,12.517115
222089,12.332316
222091,13.770416
222092,13.762168
222094,11.240257
222095,11.301385
222100,11.820379
222101,12.0488825
222104,11.391718
222105,12.086694
222106,14.486135
222107,12.086694
222108,11.286356
222110,12.334666
222112,12.367284
222114,13.808652
222117,11.401451
222118,11.401451
222121,11.920445
222122,12.148949
222124,12.069645
222125,14.690657
222126,11.456285
222127,11.386422
222128,11.386422
222129,12.434732
222130,12.582213
222131,12.432383
222133,14.055684
222134,14.047436
222136,11.335135
222137,11.401451
222138,11.401451
222142,11.873718
222143,11.920445
222144,12.148949
222145,11.147985
222146,11.147985
222147,11.491784
222148,12.18676
222149,14.690657
222150,12.18676
222153,12.434732
222154,12.582213
222155,12.432383
222158,11.873718
222159,11.873718
222160,11.685038
222161,11.928773
222162,11.45986
222163,12.148949
222164,12.195676
222165,12.148949
222167,11.147985
222168,11.491784
222169,12.069645
222170,14.757883
222171,12.18676
222172,11.386422
222173,11.386422
222176,12.567619
222177,12.226978
222178,12.432383
222180,14.017448
222181,14.0092
222182,10.4925165
222183,11.340323
222184,12.033728
222186,11.873718
222187,11.873718
222188,11.685038
222190,12.148949
222191,12.195676
222192,12.148949
222193,11.147985
222196,12.18676
222197,14.757883
222198,12.18676
222199,12.567619
222200,12.582213
222201,12.432383
222203,14.017448
222204,14.0092
222205,11.873718
222206,11.873718
222207,11.685038
222208,11.873718
222209,12.195676
222210,12.148949
222214,12.18676
222215,14.757883
222216,12.18676
222217,12.567619
222218,12.617181
222222,14.0092
222223,11.340323
222225,11.873718
222226,11.873718
222227,11.685038
222230,12.148949
222231,12.195676
222232,12.148949
222233,11.147985
222236,12.069645
222237,14.757883
222238,12.18676
222239,11.386422
222243,12.567619
222244,12.582213
222245,12.432383
222247,14.017448
222248,14.0092
222249,11.340323
222252,11.401451
222253,11.401451
222254,11.21277
222255,11.873718
222256,11.920445
222257,12.148949
222258,11.147985
222259,11.147985
222260,11.491784
222261,12.069645
222262,14.586201
222263,12.069645
222264,11.386422
222265,11.335135
222267,12.434732
222268,12.617181
222269,12.46735
222271,14.055684
222272,12.872244
222273,10.4925165
222275,11.401451
222279,11.920445
222280,12.097618
222281,11.015099
222282,11.147985
222283,12.18676
222284,14.586201
222285,12.18676
222286,11.272204
222287,12.434732
222288,12.617181
222289,12.46735
222292,14.047436
222294,14.537349
222295,14.537349
222297,11.873718
222298,11.920445
222299,12.148949
222301,11.147985
222303,12.069645
222304,14.690657
222305,12.18676
222307,12.434732
222308,12.582213
222309,12.432383
222312,11.401451
222313,11.401451
222314,11.098553
222316,11.873718
222317,11.920445
222318,12.097618
222319,11.015099
222320,11.147985
222321,11.491784
222322,12.18676
222323,14.586201
222324,12.18676
222325,11.272204
222326,11.272204
222327,12.434732
222328,12.582213
222329,12.432383
222331,14.055684
222332,14.047436
222334,15.009616
222335,15.009616
222336,11.57082
222337,11.873718
222338,12.195676
222339,12.148949
222341,11.491784
222342,12.18676
222343,11.569099
222344,12.18676
222345,11.272204
222346,11.272204
222347,12.567619
222348,12.226978
222351,14.017448
222352,14.0092
222358,12.164082
222359,12.164082
222360,11.861183
222361,12.439312
222362,12.486039
222363,12.439312
222367,12.360008
222368,15.048246
222369,12.477123
222370,12.857983
222371,12.78859
222374,14.299563
222375,11.516469
222376,12.606629
222377,12.606629
222378,12.303731
222379,12.88186
222380,12.928587
222381,12.88186
222385,12.802556
222386,15.490794
222387,12.919671
222388,13.202611
222389,12.959889
222390,13.165294
222392,13.575168
222393,13.566919
222396,12.134362
222398,12.606629
222399,12.653357
222400,12.88186
222401,11.654033
222404,12.919671
222405,15.319112
222406,12.802556
222407,12.0051155
222408,12.0051155
222409,13.167644
222410,16.366297
222411,13.200261
222412,14.959429
222413,14.788595
222414,14.780347
222416,11.953829
222418,12.780201
222419,12.780201
222420,13.973946
222423,13.055431
222424,12.826928
222425,13.055431
222428,12.976128
222429,15.664366
222430,13.093243
222431,12.178687
222432,12.178687
222434,13.474102
222435,13.5236635
222436,13.338865
222438,14.923931
222439,13.740491
222441,12.132588
222444,12.307934
222445,12.307934
222446,12.005035
222448,13.055431
222449,12.826928
222450,13.055431
222454,12.976128
222455,15.597139
222456,12.976128
222457,12.1274
222458,12.178687
222459,13.341215
222460,13.488696
222461,13.338865
222464,14.953918
222465,12.1274
222466,12.830885
222467,12.099991
222468,12.099991
222469,12.099991
222470,12.421948
222471,12.375221
222475,12.448727
222476,15.08551
222479,12.879148
222480,12.694349
222482,11.949789
222483,11.949789
222484,11.854909
222487,11.949789
222488,11.996516
222489,12.225019
222492,11.603549
222493,12.18141
222494,14.802422
222495,12.298525
222496,12.899298
222497,12.899298
222498,12.679384
222499,12.728946
222500,12.5441475
222502,12.457271
222503,10.95856
222504,11.510195
222507,11.306655
222508,11.306655
222509,11.0360365
222510,12.405508
222512,11.949789
222513,11.996516
222514,12.225019
222515,11.224056
222516,11.224056
222517,11.603549
222518,12.18141
222519,14.802422
222520,12.18141
222521,11.380555
222522,11.380555
222523,12.546497
222524,12.693978
222525,12.460161
222526,11.098496
222527,11.06315
222528,10.996796
222530,11.329268
222531,13.3089285
222532,12.73656
222533,11.456857
222534,14.592754
222537,12.421948
222538,12.323891
222539,11.374258
222540,11.374258
222542,12.331612
222543,14.848167
222544,12.331612
222545,11.530757
222546,11.530757
222548,12.696699
222549,12.879148
222550,12.729317
222552,11.213352
222553,11.146997
222555,11.47947
222556,11.935481
222557,11.47947
222558,15.440719
222559,15.440719
222560,11.829372
222561,11.148418
222563,12.136081
222564,12.3510895
222565,12.092842
222569,12.149975
222570,15.188062
222571,12.063421
222572,11.530757
222573,11.530757
222575,12.775323
222576,12.817647
222577,12.642436
222578,11.291801
222579,11.175117
222580,11.108762
222581,10.1947775
222582,11.484658
222584,13.395024
222585,12.099991
222586,15.2358885
222588,12.375221
222589,12.421948
222590,12.375221
222593,11.753751
222594,12.448727
222595,14.952623
222596,12.448727
222597,11.530757
222598,11.530757
222599,12.829586
222600,12.84418
222603,11.175117
222604,11.108762
222608,11.949789
222609,11.949789
222610,11.854909
222611,11.173955
222613,12.225019
222614,12.271747
222615,12.225019
222617,12.18141
222618,14.802422
222619,12.298525
222620,11.505007
222621,11.5562935
222623,12.679384
222624,12.728946
222626,11.317338
222627,11.024915
222628,10.95856
222630,11.510195
222633,11.306655
222637,11.949789
222638,11.353382
222639,12.173689
222640,11.224056
222641,11.224056
222642,11.603549
222643,12.18141
222644,14.697966
222645,12.18141
222646,11.5562935
222647,11.5562935
222649,12.191262
222650,12.728946
222651,12.579115
222652,11.274235
222653,11.06315
222654,10.996796
222655,11.306655
222656,11.306655
222658,11.949789
222659,11.996516
222660,12.173689
222661,11.091169
222664,15.4344225
222665,14.697966
222666,12.298525
222667,11.5562935
222670,12.728946
222671,12.579115
222674,10.996796
222677,11.306655
222678,11.211775
222681,12.225019
222682,11.996516
222683,12.225019
222684,11.224056
222687,12.298525
222688,14.697966
222689,12.18141
222690,11.5562935
222691,11.5562935
222693,12.546497
222694,12.728946
222695,12.579115
222696,11.274235
222697,11.06315
222698,10.996796
222700,11.505007
222701,12.077375
222702,11.505007
222705,11.949789
222706,11.996516
222707,12.225019
222709,11.603549
222710,12.18141
222711,14.802422
222712,11.470662
222713,12.546497
222714,12.693978
222717,11.06315
222722,11.173955
222723,11.949789
222724,11.996516
222725,12.225019
222726,11.224056
222728,12.18141
222729,11.680864
222730,12.298525
222733,12.546497
222734,12.693978
222737,10.996796
222738,11.949789
222739,11.949789
222740,11.854909
222742,12.225019
222743,12.271747
222744,12.225019
222747,12.298525
222748,14.802422
222749,12.298525
222750,11.5562935
222752,15.800941
222753,15.745146
222754,12.5441475
222755,12.660342
222756,11.024915
222757,12.390916
222758,11.510195
222760,15.085687
222761,15.085687
222762,11.854909
222764,12.225019
222765,12.271747
222766,12.225019
222770,12.18141
222771,14.935308
222772,12.298525
222773,12.679384
222774,12.728946
222775,12.5441475
222776,11.317338
222778,10.95856
222779,11.306655
222780,11.306655
222783,11.996516
222784,12.225019
222788,12.18141
222789,14.697966
222790,11.56805
222791,11.5562935
222792,11.5562935
222793,12.546497
222794,12.728946
222795,12.579115
222797,11.06315
222798,10.996796
222801,11.306655
222802,11.306655
222803,11.211775
222805,11.949789
222806,11.996516
222807,12.225019
222808,11.224056
222809,11.224056
222810,11.603549
222811,12.18141
222812,14.802422
222813,12.18141
222814,11.5562935
222815,11.5562935
222817,12.546497
222818,12.693978
222819,12.5441475
222820,11.274235
222821,11.06315
222822,10.996796
222823,10.220067
222825,11.306655
222826,11.306655
222830,11.996516
222831,12.225019
222835,12.18141
222836,14.697966
222837,11.791207
222840,12.728946
222841,12.579115
222844,10.996796
222845,14.442553
222846,14.442553
222847,13.351552
222849,12.225019
222850,12.271747
222851,12.225019
222855,12.18141
222856,14.697966
222857,12.298525
222858,11.5562935
222859,11.5562935
222860,15.800941
222861,12.728946
222862,12.5441475
222863,11.317338
222864,11.024915
222865,10.95856
222867,11.510195
222872,15.085687
222873,15.085687
222874,11.854909
222877,12.225019
222878,12.271747
222879,12.225019
222880,11.224056
222883,12.18141
222884,14.802422
222885,12.298525
222888,12.679384
222889,12.728946
222890,12.5441475
222892,11.024915
222893,10.95856
222894,13.484667
222896,11.306655
222897,11.306655
222898,11.211775
222900,11.949789
222901,11.996516
222902,12.173689
222903,11.224056
222904,11.224056
222905,11.603549
222906,12.298525
222907,14.697966
222908,12.18141
222909,11.505007
222910,11.5562935
222911,12.546497
222912,12.728946
222913,12.579115
222914,12.617239
222915,12.457271
222916,12.429152
222917,10.220067
222918,11.505007
222920,11.505007
222921,11.306655
222922,11.306655
222924,11.949789
222925,11.996516
222926,12.173689
222927,11.224056
222929,11.603549
222930,12.18141
222931,14.697966
222932,12.18141
222933,12.546497
222934,12.728946
222935,12.579115
222937,11.06315
222938,10.996796
222939,11.949789
222947,12.693978
222951,11.949789
222952,11.949789
222953,11.854909
222955,12.225019
222956,12.271747
222957,12.225019
222959,12.18141
222960,14.802422
222961,12.298525
222962,11.505007
222964,12.679384
222965,12.693978
222966,12.5441475
222969,10.95856
222971,11.510195
222972,11.306655
222973,11.306655
222974,11.949789
222975,11.996516
222976,12.173689
222977,11.603549
222978,12.18141
222979,14.697966
222980,12.18141
222981,11.5562935
222982,11.5562935
222983,12.546497
222984,12.728946
222985,12.579115
222986,11.274235
222987,11.06315
222988,10.996796
222991,12.077375
222992,12.912298
222993,15.085687
222994,15.085687
222995,13.351552
222998,12.225019
222999,12.271747
223000,12.225019
223003,11.603549
223004,12.18141
223005,14.802422
223006,12.298525
223007,11.5562935
223011,12.679384
223012,12.728946
223013,12.69623
223015,11.024915
223016,10.95856
223018,11.510195
223019,13.876572
223021,11.306655
223023,11.949789
223024,11.996516
223026,11.224056
223028,12.298525
223029,15.317307
223030,12.298525
223031,12.546497
223032,12.728946
223033,12.579115
223039,11.949789
223040,11.949789
223041,11.854909
223043,11.949789
223044,11.996516
223045,12.225019
223049,12.18141
223050,14.802422
223051,12.298525
223054,12.679384
223055,12.728946
223057,11.317338
223059,10.95856
223060,11.510195
223062,11.949789
223063,11.949789
223064,11.854909
223065,11.949789
223066,12.271747
223067,12.225019
223069,12.18141
223070,14.802422
223071,12.18141
223072,11.505007
223073,12.899298
223074,12.679384
223075,12.338743
223076,12.5441475
223078,11.024915
223079,10.95856
223080,10.220067
223081,11.510195
223084,12.271747
223089,12.298525
223092,12.462511
223093,12.728946
223094,12.579115
223097,10.996796
223099,11.306655
223100,11.211775
223102,12.2230215
223103,11.949789
223104,11.996516
223105,12.225019
223106,11.224056
223107,11.224056
223109,12.18141
223110,14.802422
223111,12.18141
223112,11.5562935
223113,11.5562935
223116,12.546497
223117,12.693978
223118,12.5441475
223120,11.06315
223121,10.996796
223125,11.306655
223127,11.153668
223128,11.949789
223129,11.996516
223130,12.225019
223132,11.224056
223133,11.603549
223134,12.18141
223135,14.802422
223136,12.298525
223138,11.498187
223139,12.546497
223140,12.728946
223141,12.5441475
223144,15.085687
223145,15.085687
223146,11.7968025
223149,12.225019
223150,12.271747
223151,12.225019
223154,11.603549
223155,12.18141
223156,14.802422
223157,12.18141
223158,11.498187
223159,11.498187
223160,12.679384
223161,12.728946
223162,12.5441475
223164,10.966808
223165,10.95856
223167,11.452088
223170,11.306655
223171,11.306655
223172,11.153668
223175,11.949789
223176,11.996516
223177,12.173689
223178,11.224056
223179,11.224056
223180,11.603549
223181,12.298525
223182,14.697966
223183,12.18141
223184,11.498187
223185,11.498187
223187,12.728946
223188,12.579115
223189,11.216128
223190,11.005044
223191,10.996796
223193,14.398702
223194,14.398702
223195,11.1098175
223196,11.905938
223197,11.952665
223198,12.129838
223199,11.180205
223200,11.180205
223201,11.559698
223202,12.137559
223203,14.654115
223204,12.137559
223205,11.454336
223206,11.403049
223207,12.502646
223208,12.685095
223209,12.535264
223211,10.961193
223212,10.952945
223214,11.403049
223215,11.262804
223216,11.262804
223218,11.905938
223219,11.952665
223220,12.181169
223223,12.137559
223224,14.758571
223225,12.137559
223228,12.502646
223229,12.650127
223232,10.952945
223233,11.403049
223234,13.462539
223235,12.810341
223236,11.262804
223237,11.262804
223238,11.1098175
223239,11.905938
223240,11.952665
223241,12.181169
223242,11.180205
223243,11.180205
223244,11.559698
223245,12.137559
223246,14.758571
223247,12.137559
223249,11.454336
223250,12.502646
223251,12.685095
223252,12.500297
223255,10.952945
223256,11.403049
223258,11.5201645
223259,11.905938
223260,15.041836
223261,11.752952
223263,12.181169
223264,12.227896
223265,12.181169
223268,11.559698
223269,12.137559
223270,14.758571
223271,12.254674
223272,12.635533
223273,12.650127
223278,11.905938
223279,11.905938
223280,12.181169
223281,12.227896
223282,12.181169
223285,12.137559
223286,14.758571
223287,12.137559
223290,12.635533
223291,12.650127
223295,11.408237
223296,11.905938
223297,11.905938
223298,11.752952
223300,12.181169
223301,12.227896
223302,12.181169
223303,12.137559
223304,11.637013
223305,12.254674
223308,12.635533
223309,12.685095
223310,12.500297
223312,10.922957
223313,10.914709
223314,11.408237
223315,12.172362
223318,11.262804
223319,11.262804
223320,11.905938
223321,11.952665
223326,12.137559
223327,14.654115
223329,12.502646
223330,12.685095
223331,12.535264
223334,11.262804
223335,11.262804
223336,11.905938
223338,12.181169
223340,12.254674
223341,14.654115
223342,12.254674
223343,11.454336
223344,11.454336
223345,12.502646
223346,12.685095
223347,12.535264
223350,10.952945
223352,12.172362
223354,14.398702
223355,14.398702
223356,12.606461
223357,10.428864
223359,11.905938
223360,11.952665
223361,12.129838
223362,11.180205
223364,11.559698
223365,12.137559
223366,14.654115
223367,12.254674
223369,11.454336
223370,12.502646
223371,12.685095
223372,12.535264
223374,10.961193
223375,10.952945
223378,11.262804
223383,11.952665
223384,12.181169
223385,11.180205
223386,11.180205
223387,11.559698
223388,12.137559
223389,14.758571
223390,12.137559
223391,12.502646
223392,12.650127
223396,10.952945
223397,11.262804
223398,11.262804
223399,11.1098175
223400,11.905938
223401,11.952665
223402,12.181169
223403,11.180205
223404,11.559698
223405,12.254674
223406,14.654115
223407,12.254674
223408,11.454336
223411,12.685095
223412,12.535264
223415,12.385301
223417,11.262804
223418,11.262804
223421,11.905938
223422,11.952665
223423,12.181169
223424,11.047318
223425,11.180205
223426,11.559698
223427,12.137559
223428,14.758571
223429,11.747356
223430,11.454336
223431,11.454336
223432,12.502646
223433,12.650127
223434,12.500297
223436,10.961193
223437,10.952945
223438,11.403049
223439,11.905938
223440,11.905938
223441,11.752952
223443,11.905938
223444,11.952665
223445,12.181169
223448,11.559698
223449,12.137559
223450,14.758571
223451,12.254674
223454,12.635533
223455,12.685095
223459,12.347065
223463,11.262804
223464,11.262804
223465,11.1098175
223467,11.905938
223468,11.952665
223469,12.181169
223472,12.254674
223473,14.758571
223474,12.137559
223475,11.454336
223476,11.403049
223477,12.502646
223478,12.650127
223482,10.952945
223484,11.262804
223485,11.262804
223487,11.071998
223488,11.905938
223489,11.952665
223490,12.181169
223493,12.137559
223494,14.758571
223495,11.426811
223497,12.502646
223498,12.650127
223499,12.500297
223502,10.952945
223505,11.262804
223506,11.262804
223507,11.1098175
223509,11.905938
223510,11.952665
223511,12.181169
223512,11.180205
223513,11.180205
223514,11.559698
223515,12.137559
223516,14.758571
223517,12.137559
223518,11.454336
223520,12.502646
223521,12.650127
223522,12.500297
223523,11.172277
223524,10.961193
223525,10.952945
223527,11.905938
223528,11.905938
223531,12.181169
223532,11.952665
223533,12.181169
223535,12.137559
223536,14.688925
223537,12.254674
223540,12.635533
223543,10.914709
223546,14.667288
223547,14.024154
223548,12.839353
223550,11.806621
223551,11.853348
223552,11.806621
223556,11.727317
223557,14.348329
223558,11.844432
223559,12.225291
223560,12.274853
223561,12.0900545
223564,10.634667
223566,11.905938
223567,11.905938
223568,11.752952
223571,12.181169
223572,12.227896
223573,12.181169
223575,12.137559
223576,14.758571
223577,12.137559
223578,12.746054
223579,12.746054
223581,12.635533
223582,12.650127
223583,12.500297
223584,11.215381
223585,10.922957
223586,10.914709
223587,10.23592
223588,11.408237
223591,15.041836
223592,15.041836
223593,13.249595
223594,11.071998
223596,12.181169
223597,12.227896
223598,12.181169
223602,12.137559
223603,14.758571
223604,12.254674
223605,11.454336
223606,11.454336
223608,12.635533
223609,12.294892
223610,12.500297
223611,11.215381
223612,10.922957
223613,10.914709
223615,11.408237
223619,11.262804
223620,11.262804
223621,11.074123
223622,11.0363035
223623,11.905938
223624,11.952665
223625,12.129838
223628,12.21898
223629,14.618421
223630,12.21898
223631,11.418642
223632,12.466952
223634,12.49957
223637,10.917251
223639,11.059123
223640,11.059123
223642,11.806621
223643,11.578117
223644,11.806621
223647,11.727317
223648,14.243873
223649,11.844432
223652,12.092404
223653,12.274853
223654,12.125022
223656,10.681151
223657,10.672903
223658,11.53139
223661,11.853348
223663,11.727317
223665,11.727317
223667,12.274853
223671,11.773652
223672,11.773652
223673,11.584971
223674,12.0488825
223675,12.09561
223676,12.0488825
223680,12.086694
223681,14.5905905
223682,12.086694
223683,12.62936
223684,11.286356
223685,12.467553
223686,12.482147
223688,11.177601
223689,10.885178
223690,10.876929
223693,11.773652
223694,11.773652
223697,12.0488825
223698,12.09561
223701,11.969579
223702,14.5905905
223703,11.969579
223706,12.467553
223707,12.482147
223708,12.332316
223711,10.876929
223714,11.773652
223715,11.773652
223716,11.584971
223718,12.0488825
223719,12.09561
223720,12.0488825
223723,11.969579
223724,14.5905905
223725,11.969579
223726,12.62936
223728,12.467553
223729,12.482147
223730,12.332316
223732,10.885178
223733,10.876929
223735,11.240257
223736,11.301385
223741,11.820379
223742,12.0488825
223745,11.391718
223746,12.086694
223747,14.486135
223748,12.086694
223749,11.286356
223751,12.334666
223753,12.367284
223755,10.923413
223758,11.401451
223759,11.401451
223762,11.920445
223763,12.148949
223765,12.069645
223766,14.690657
223767,12.069645
223768,11.386422
223769,11.386422
223770,12.434732
223771,12.582213
223772,12.432383
223774,11.170445
223775,11.162197
223777,11.335135
223778,11.401451
223779,11.401451
223783,11.873718
223784,11.920445
223785,12.148949
223786,11.147985
223787,11.147985
223788,11.491784
223789,12.069645
223790,14.690657
223791,12.18676
223794,12.434732
223795,12.582213
223796,12.432383
223799,11.873718
223800,11.873718
223801,11.685038
223802,11.928773
223803,11.45986
223804,12.148949
223805,12.195676
223806,12.148949
223808,11.147985
223809,11.491784
223810,12.069645
223811,14.757883
223812,12.069645
223813,11.386422
223814,11.386422
223817,12.567619
223818,12.617181
223819,12.432383
223821,11.13221
223822,11.123961
223823,10.4925165
223824,11.340323
223825,15.055952
223827,11.873718
223828,11.873718
223829,11.685038
223831,12.148949
223832,12.195676
223833,12.148949
223834,11.147985
223837,12.069645
223838,14.89077
223839,12.069645
223840,12.567619
223841,12.617181
223842,12.432383
223844,11.13221
223845,11.123961
223846,11.873718
223847,11.873718
223848,11.685038
223849,12.148949
223850,12.195676
223851,12.148949
223855,12.069645
223856,14.757883
223857,12.18676
223858,12.567619
223859,12.582213
223863,11.123961
223864,11.340323
223866,11.873718
223867,11.873718
223868,11.685038
223871,12.148949
223872,12.195676
223873,12.148949
223874,11.147985
223877,12.069645
223878,14.757883
223879,12.18676
223880,11.386422
223883,12.567619
223884,12.498227
223885,12.432383
223887,12.564566
223888,11.123961
223889,11.340323
223892,11.401451
223893,11.401451
223894,11.21277
223895,11.873718
223896,11.920445
223897,12.097618
223898,11.147985
223899,11.147985
223900,11.491784
223901,12.18676
223902,14.586201
223903,12.069645
223904,11.386422
223905,11.386422
223907,12.434732
223908,12.617181
223909,12.46735
223911,11.170445
223912,11.162197
223913,10.4925165
223915,11.401451
223919,11.920445
223920,12.097618
223921,11.147985
223922,11.015099
223923,12.18676
223924,14.586201
223925,12.18676
223926,11.272204
223927,12.434732
223928,12.617181
223929,12.46735
223932,11.162197
223934,14.537349
223935,14.537349
223937,11.873718
223938,11.920445
223939,12.148949
223941,11.147985
223943,12.069645
223944,14.690657
223945,12.069645
223947,12.434732
223948,12.582213
223949,12.432383
223952,11.401451
223953,11.401451
223954,11.098553
223956,11.873718
223957,11.920445
223958,12.097618
223959,11.147985
223960,11.015099
223961,11.491784
223962,12.069645
223963,14.586201
223964,12.18676
223965,11.272204
223966,11.272204
223967,12.434732
223968,12.582213
223969,12.432383
223971,11.170445
223972,11.162197
223974,15.009616
223975,15.009616
223976,11.57082
223977,12.148949
223978,12.195676
223979,12.148949
223981,11.491784
223982,12.069645
223983,14.690657
223984,12.18676
223985,11.272204
223986,11.272204
223987,12.567619
223988,12.226978
223991,11.13221
223992,12.556317
223998,12.164082
223999,12.164082
224000,11.861183
224001,12.164082
224002,12.486039
224003,12.439312
224007,12.360008
224008,15.048246
224009,12.477123
224010,12.857983
224011,12.872577
224014,11.414325
224015,11.516469
224016,12.606629
224017,12.606629
224018,12.303731
224019,12.88186
224020,12.928587
224021,12.88186
224025,12.802556
224026,15.490794
224027,12.802556
224028,16.422089
224029,13.3151245
224030,13.165294
224032,11.865121
224033,11.856873
224036,12.134362
224038,12.606629
224039,12.653357
224040,12.88186
224041,11.78692
224044,12.802556
224045,15.319112
224046,12.919671
224047,11.953829
224048,12.0051155
224049,13.167644
224050,16.366297
224051,13.200261
224052,12.114441
224053,11.903357
224054,11.895108
224056,11.953829
224058,12.780201
224059,12.780201
224060,13.973946
224063,13.055431
224064,13.102159
224065,13.055431
224068,13.093243
224069,15.664366
224070,12.976128
224071,12.178687
224072,12.178687
224074,13.474102
224075,13.5236635
224076,13.338865
224078,12.038692
224079,12.030444
224081,12.132588
224084,12.307934
224085,12.307934
224086,12.005035
224088,13.055431
224089,12.826928
224090,13.055431
224094,12.976128
224095,15.597139
224096,12.976128
224097,12.178687
224098,12.178687
224099,13.341215
224100,13.488696
224101,13.338865
224104,12.06868
224105,12.1274
224106,12.779598
224107,12.288628
224108,12.288628
224109,12.4604025
224110,12.335355
224111,12.4604025
224115,12.382328
224116,12.103784
224119,12.974071
224120,12.745066
224123,12.138426
224124,12.138426
224125,12.12272
224128,12.138426
224129,12.185153
224130,12.310201
224133,11.654265
224134,12.232126
224135,11.953582
224136,12.42185
224137,11.686184
224138,11.686184
224139,12.730101
224140,12.739882
224141,12.594864
224143,11.193041
224144,11.126686
224145,11.67455
224148,11.495292
224149,11.495292
224150,11.303847
224151,11.266027
224153,12.138426
224154,12.185153
224155,12.310201
224156,11.274773
224157,11.274773
224158,11.654265
224159,12.232126
224160,11.953582
224161,12.232126
224162,11.510446
224163,11.510446
224164,12.597214
224165,12.823869
224166,12.594864
224167,11.228387
224168,11.193041
224169,11.126686
224171,11.648883
224172,13.381053
224173,12.925042
224174,11.6454935
224175,14.781391
224178,12.335355
224179,12.4604025
224180,11.424974
224181,11.424974
224183,12.572052
224184,11.910213
224185,12.382328
224186,11.660647
224187,11.660647
224188,12.747416
224189,13.009038
224190,12.780033
224192,11.343243
224193,11.276888
224195,11.799085
224196,13.531255
224197,13.075244
224198,15.629355
224199,15.629355
224200,12.097183
224201,11.416229
224203,12.221262
224204,12.436271
224205,11.738658
224209,11.359066
224210,12.216239
224211,12.2888775
224212,11.660647
224213,11.660647
224215,12.826039
224216,12.947537
224217,12.653965
224218,11.459928
224219,11.343243
224220,11.276888
224221,10.362904
224222,11.6490135
224224,13.524915
224225,15.424525
224226,15.424525
224228,12.4604025
224229,12.50713
224230,12.4604025
224233,11.804467
224234,12.572052
224235,12.103784
224236,12.533908
224237,11.660647
224238,12.8725195
224239,12.880302
224240,13.009038
224243,11.343243
224244,11.276888
224248,12.138426
224249,12.138426
224250,12.12272
224251,11.441766
224253,12.310201
224254,12.356928
224255,12.310201
224257,12.42185
224258,11.953582
224259,12.42185
224260,11.686184
224261,11.686184
224263,12.730101
224264,12.468634
224266,11.485464
224267,11.193041
224268,11.126686
224270,11.67455
224273,11.495292
224277,12.138426
224278,12.185153
224279,12.310201
224280,11.274773
224281,11.274773
224282,11.654265
224283,12.42185
224284,11.760012
224285,12.232126
224286,11.686184
224287,11.686184
224289,12.597214
224290,12.858836
224291,12.629831
224292,11.404125
224293,11.193041
224294,11.126686
224295,11.495292
224296,11.495292
224298,12.138426
224299,12.185153
224300,12.362326
224301,11.274773
224304,15.519604
224305,11.760012
224306,12.42185
224307,11.686184
224310,12.858836
224311,12.629831
224314,11.126686
224317,11.495292
224318,11.479586
224320,12.138426
224321,12.185153
224322,12.310201
224323,11.274773
224326,12.42185
224327,11.760012
224328,12.232126
224329,11.686184
224330,11.686184
224332,12.597214
224333,12.858836
224334,12.629831
224335,11.404125
224336,11.193041
224337,11.126686
224339,11.824621
224340,13.673149
224341,13.1007805
224344,12.138426
224345,12.185153
224346,12.310201
224348,11.654265
224349,12.42185
224350,14.853138
224351,12.42185
224352,12.597214
224353,13.04856
224356,11.193041
224361,11.441766
224362,12.138426
224363,12.185153
224364,12.310201
224365,11.274773
224367,12.232126
224368,15.075139
224369,12.232126
224372,12.597214
224373,12.823869
224376,11.126686
224377,12.138426
224378,12.138426
224379,12.12272
224381,12.310201
224382,12.356928
224383,12.310201
224386,12.232126
224387,11.953582
224388,12.42185
224389,11.686184
224391,12.730101
224392,12.823869
224393,12.594864
224394,11.485464
224395,11.193041
224396,12.42791
224397,11.67455
224399,15.274323
224400,15.274323
224401,13.488231
224403,12.310201
224404,12.356928
224405,12.310201
224409,12.232126
224410,11.953582
224411,12.42185
224412,12.730101
224413,12.823869
224414,12.594864
224415,11.485464
224417,11.126686
224418,11.495292
224419,11.495292
224422,12.185153
224423,12.310201
224427,12.42185
224428,11.760012
224429,12.232126
224430,11.686184
224431,11.686184
224432,12.597214
224433,12.858836
224434,12.629831
224436,11.193041
224437,11.126686
224440,11.495292
224441,11.495292
224442,11.479586
224444,12.138426
224445,12.185153
224446,12.310201
224447,11.274773
224448,11.274773
224449,11.654265
224450,12.42185
224451,11.953582
224452,12.42185
224453,11.686184
224454,11.686184
224456,12.597214
224457,12.823869
224458,12.594864
224459,11.404125
224460,11.193041
224461,11.126686
224462,10.388193
224464,11.495292
224465,11.495292
224469,12.185153
224470,12.310201
224474,12.42185
224475,14.748682
224476,11.5213785
224479,12.858836
224480,12.819555
224483,11.126686
224484,14.631189
224485,14.631189
224486,13.488231
224488,12.310201
224489,12.356928
224490,12.310201
224494,12.42185
224495,11.627125
224496,12.383706
224497,11.686184
224498,11.686184
224499,12.730101
224500,12.823869
224501,12.594864
224502,11.485464
224503,11.193041
224504,11.126686
224506,11.67455
224511,15.274323
224512,15.274323
224513,13.488231
224516,12.310201
224517,12.356928
224518,12.310201
224519,11.274773
224522,12.42185
224523,11.953582
224524,12.42185
224527,12.730101
224528,12.823869
224529,12.594864
224531,11.193041
224532,11.126686
224533,13.556791
224535,11.495292
224536,11.495292
224537,11.479586
224539,12.138426
224540,12.185153
224541,12.362326
224542,11.274773
224543,11.274773
224544,11.654265
224545,12.42185
224546,11.760012
224547,12.232126
224548,11.686184
224549,11.634897
224550,12.597214
224551,12.858836
224552,12.629831
224553,12.615997
224554,12.494265
224555,12.42791
224556,10.388193
224557,11.824621
224559,11.824621
224560,11.495292
224561,11.495292
224563,12.138426
224564,12.185153
224565,12.310201
224566,11.274773
224567,11.654265
224568,12.42185
224569,11.760012
224570,12.232126
224571,12.597214
224572,12.858836
224573,12.629831
224575,11.193041
224576,11.126686
224577,12.138426
224585,13.04856
224589,12.138426
224590,12.138426
224591,12.12272
224593,12.310201
224594,12.356928
224595,12.310201
224596,12.232126
224597,11.760012
224598,12.42185
224599,11.686184
224601,12.730101
224602,12.823869
224603,12.594864
224606,11.126686
224608,11.67455
224609,11.495292
224610,11.495292
224611,12.138426
224612,12.185153
224613,12.362326
224614,11.654265
224615,12.42185
224616,11.760012
224617,11.5347805
224618,11.686184
224619,11.686184
224620,12.597214
224621,12.858836
224622,12.629831
224623,11.404125
224624,11.193041
224625,11.126686
224627,13.556791
224628,13.1007805
224629,15.274323
224630,12.138426
224631,13.488231
224634,12.310201
224635,12.356928
224636,12.310201
224639,11.654265
224640,12.232126
224641,11.953582
224642,12.42185
224643,11.686184
224647,12.730101
224648,12.823869
224649,12.781411
224651,11.193041
224652,11.126686
224654,11.67455
224655,14.006462
224657,11.495292
224659,12.138426
224660,12.185153
224662,11.274773
224664,12.383706
224665,11.760012
224666,12.383706
224667,12.597214
224668,12.858836
224669,12.629831
224675,12.138426
224676,12.138426
224677,12.12272
224679,12.138426
224680,12.185153
224681,12.310201
224685,12.232126
224686,11.953582
224687,12.42185
224689,12.730101
224690,12.823869
224692,11.485464
224694,11.126686
224695,11.67455
224697,12.138426
224698,12.138426
224699,12.12272
224700,12.310201
224701,12.356928
224702,12.310201
224704,12.232126
224705,11.953582
224706,12.42185
224707,12.898056
224708,12.846769
224709,12.730101
224710,12.823869
224711,12.594864
224713,11.193041
224714,11.126686
224715,10.388193
224716,11.67455
224719,12.185153
224723,12.42185
224726,15.768079
224727,12.858836
224728,12.819555
224730,11.126686
224732,11.495292
224733,11.479586
224735,12.3597
224736,12.138426
224737,12.185153
224738,12.310201
224739,11.274773
224740,11.274773
224742,12.232126
224743,11.953582
224744,11.618767
224745,11.686184
224746,11.686184
224749,12.597214
224750,12.823869
224751,12.594864
224753,11.193041
224754,11.126686
224758,11.495292
224760,11.538396
224761,12.138426
224762,12.185153
224763,12.310201
224765,11.274773
224766,11.654265
224767,12.232126
224768,11.953582
224769,12.42185
224771,11.744994
224772,12.597214
224773,12.823869
224774,12.594864
224777,15.274323
224778,15.274323
224779,12.18153
224782,12.310201
224783,12.356928
224784,12.310201
224787,11.654265
224788,12.232126
224789,11.953582
224790,12.42185
224791,11.744994
224792,11.744994
224793,12.730101
224794,12.823869
224795,12.594864
224797,11.251851
224798,11.126686
224799,11.73336
224802,11.495292
224803,11.495292
224804,11.538396
224807,12.138426
224808,12.185153
224809,12.310201
224810,11.274773
224811,11.274773
224812,11.654265
224813,12.383706
224814,15.557748
224815,12.42185
224816,11.744994
224817,11.744994
224819,12.858836
224820,12.819555
224821,11.462935
224822,11.251851
224823,11.126686
224824,14.587338
224825,14.587338
224826,11.494545
224827,12.094575
224828,12.141302
224829,12.26635
224830,11.230922
224831,11.098035
224832,11.6104145
224833,12.377999
224834,11.716161
224835,12.188275
224836,11.701143
224837,11.701143
224838,12.553363
224839,12.814985
224840,12.58598
224842,11.208
224843,11.082835
224845,11.839581
224846,11.451441
224847,11.451441
224849,12.094575
224850,12.141302
224851,12.26635
224854,12.188275
224855,11.909731
224856,11.574916
224858,12.553363
224859,12.780018
224863,11.082835
224864,11.839581
224865,13.767938
224866,13.11574
224867,11.451441
224868,11.451441
224869,11.494545
224870,12.094575
224871,12.141302
224872,12.26635
224873,11.230922
224874,11.230922
224875,11.6104145
224876,12.188275
224877,11.909731
224878,12.188275
224880,11.701143
224881,12.553363
224882,12.780018
224883,12.551013
224886,11.082835
224887,11.839581
224889,11.801436
224890,12.094575
224891,15.230473
224892,13.50319
224894,12.26635
224895,12.141302
224896,12.26635
224899,11.6104145
224900,12.377999
224901,11.909731
224902,12.188275
224903,12.68625
224904,12.780018
224909,12.094575
224910,12.094575
224911,12.26635
224912,12.313077
224913,12.26635
224916,12.188275
224917,14.809287
224918,12.339855
224921,12.68625
224922,12.780018
224926,11.689509
224927,12.094575
224928,12.094575
224929,12.137679
224931,12.26635
224932,12.313077
224933,12.26635
224934,12.188275
224935,11.909731
224936,12.377999
224939,12.68625
224940,12.424783
224941,12.551013
224943,12.509224
224944,12.384059
224945,11.689509
224946,13.767938
224949,11.451441
224950,11.451441
224951,12.094575
224952,12.141302
224957,12.377999
224958,11.716161
224960,12.553363
224961,12.814985
224962,12.58598
224965,11.451441
224966,11.451441
224967,12.094575
224969,12.26635
224971,12.377999
224972,14.704831
224973,12.377999
224974,11.701143
224975,11.701143
224976,12.553363
224977,12.814985
224978,12.58598
224981,11.082835
224983,12.491778
224985,14.587338
224986,14.587338
224987,12.860056
224988,10.813591
224990,12.094575
224991,12.141302
224992,12.26635
224993,11.230922
224994,11.6104145
224995,12.377999
224996,11.716161
224997,11.574916
224999,11.701143
225000,12.553363
225001,12.814985
225002,12.58598
225004,11.208
225005,11.082835
225008,11.451441
225013,12.141302
225014,12.26635
225015,11.230922
225016,11.230922
225017,11.6104145
225018,12.188275
225019,14.809287
225020,11.477528
225021,12.553363
225022,12.780018
225026,11.082835
225027,11.451441
225028,11.451441
225029,11.494545
225030,12.094575
225031,12.141302
225032,12.318475
225033,11.230922
225034,11.6104145
225035,12.339855
225036,11.716161
225037,12.377999
225038,11.701143
225041,12.814985
225042,12.58598
225045,11.082835
225047,11.451441
225048,11.451441
225051,12.094575
225052,12.141302
225053,12.26635
225054,11.230922
225055,11.230922
225056,11.6104145
225057,12.188275
225058,11.909731
225059,12.377999
225060,11.701143
225061,11.701143
225062,12.553363
225063,12.780018
225064,12.551013
225066,11.208
225067,11.082835
225068,11.839581
225069,12.094575
225070,12.094575
225071,12.137679
225073,12.094575
225074,12.313077
225075,12.26635
225078,11.6104145
225079,12.188275
225080,15.031288
225081,12.377999
225084,12.68625
225085,12.424783
225089,11.082835
225093,11.451441
225094,11.451441
225095,11.494545
225097,12.094575
225098,12.141302
225099,12.26635
225102,12.188275
225103,12.339855
225104,12.377999
225105,11.701143
225106,11.649857
225107,12.553363
225108,12.780018
225112,11.082835
225114,11.451441
225115,11.451441
225117,11.456725
225118,12.094575
225119,12.141302
225120,12.26635
225123,15.324173
225124,11.820617
225125,12.188275
225126,12.553363
225127,12.780018
225128,12.551013
225131,11.082835
225134,11.451441
225135,11.451441
225136,11.494545
225138,12.094575
225139,12.141302
225140,12.26635
225141,11.230922
225142,11.230922
225143,11.6104145
225144,12.188275
225145,11.909731
225146,11.49093
225147,11.701143
225149,12.553363
225150,12.814985
225151,12.551013
225152,11.419085
225153,11.208
225154,11.082835
225156,12.094575
225157,12.094575
225160,12.26635
225161,12.313077
225162,12.26635
225164,12.377999
225165,11.909731
225166,12.188275
225169,12.68625
225173,12.384059
225176,14.855925
225177,14.2127905
225178,13.092948
225180,11.891802
225181,11.938529
225182,11.891802
225186,11.778033
225187,11.499489
225188,11.967757
225189,12.276008
225190,12.404743
225191,12.140771
225194,10.8027935
225196,12.094575
225197,12.094575
225198,12.137679
225201,12.26635
225202,12.313077
225203,12.26635
225205,12.188275
225206,14.942174
225207,12.377999
225208,12.913015
225209,12.913015
225211,12.68625
225212,12.696032
225213,12.551013
225214,11.500423
225215,11.208
225216,11.082835
225217,10.520963
225218,11.689509
225221,15.230473
225222,15.230473
225223,13.50319
225224,11.456725
225226,15.402247
225227,12.313077
225228,12.26635
225232,12.188275
225233,11.909731
225234,12.377999
225235,11.701143
225236,11.701143
225238,12.68625
225239,12.424783
225240,12.551013
225241,11.500423
225242,11.208
225243,11.082835
225245,11.689509
225249,11.451441
225250,11.451441
225251,11.458851
225252,11.421031
225253,12.094575
225254,12.141302
225255,12.26635
225258,12.304161
225259,11.680467
225260,12.152581
225261,11.765742
225262,12.517669
225264,12.550286
225267,11.047141
225269,11.24776
225270,11.24776
225272,11.720027
225273,11.766754
225274,11.891802
225277,11.967757
225278,14.427476
225279,11.778033
225282,12.143121
225283,12.404743
225284,12.175738
225286,10.9279585
225287,10.8027935
225288,11.720027
225291,11.938529
225293,11.967757
225295,11.778033
225297,12.369776
225300,11.962289
225301,11.962289
225302,11.969699
225303,11.962289
225304,12.180791
225305,12.134064
225309,12.020295
225310,11.741751
225311,12.210019
225312,12.745035
225313,11.533163
225314,12.51827
225315,12.528051
225317,11.462644
225318,11.17022
225319,11.045055
225322,11.962289
225323,11.962289
225326,12.134064
225327,12.009016
225330,12.020295
225331,11.741751
225332,12.020295
225335,12.51827
225336,12.612038
225337,12.383033
225340,11.045055
225343,11.962289
225344,11.962289
225345,11.326565
225347,12.134064
225348,12.180791
225349,12.134064
225352,12.020295
225353,11.741751
225354,12.210019
225355,11.533163
225357,12.51827
225358,12.612038
225359,12.383033
225361,11.17022
225362,11.045055
225364,11.521529
225365,11.490022
225370,12.009016
225371,12.186189
225374,11.442434
225375,12.171875
225376,12.210019
225377,12.020295
225378,11.533163
225380,12.385383
225382,12.418
225384,11.17022
225387,11.535149
225388,11.535149
225391,12.054143
225392,12.179191
225394,12.065422
225395,11.786878
225396,11.452063
225397,11.57829
225398,11.57829
225399,12.43051
225400,12.657165
225401,12.42816
225403,11.417253
225404,11.292088
225406,11.716727
225407,11.535149
225408,11.535149
225412,12.007416
225413,12.054143
225414,12.179191
225415,11.143763
225416,11.010876
225417,11.487561
225418,12.065422
225419,11.697763
225420,12.255146
225423,12.43051
225424,12.657165
225425,12.42816
225428,12.007416
225429,12.007416
225430,12.014826
225431,12.258561
225432,11.789648
225433,12.179191
225434,12.225918
225435,12.179191
225437,11.143763
225438,11.487561
225439,12.065422
225440,11.909043
225441,12.255146
225442,11.57829
225443,11.57829
225446,12.563396
225447,12.692132
225448,12.42816
225450,11.417253
225451,11.292088
225452,10.777559
225453,11.566656
225454,15.171627
225456,12.007416
225457,12.007416
225458,12.014826
225460,12.179191
225461,12.225918
225462,12.179191
225463,11.143763
225466,12.255146
225467,14.941486
225468,12.255146
225469,12.563396
225470,12.657165
225471,12.42816
225473,11.417253
225474,11.292088
225475,12.007416
225476,12.007416
225477,12.014826
225478,12.179191
225479,12.225918
225480,12.179191
225484,12.255146
225485,11.909043
225486,12.255146
225487,12.563396
225488,12.657165
225492,11.292088
225493,11.566656
225495,12.007416
225496,12.007416
225497,12.014826
225500,12.179191
225501,12.225918
225502,12.179191
225503,11.143763
225505,12.065422
225506,11.786878
225507,12.255146
225508,11.57829
225512,12.563396
225513,12.657165
225514,12.42816
225516,12.718476
225517,11.292088
225518,11.566656
225521,11.535149
225522,11.535149
225523,11.542559
225524,12.007416
225525,12.054143
225526,12.179191
225527,11.143763
225528,11.143763
225529,11.487561
225530,12.255146
225531,11.5933075
225532,11.452063
225533,11.331061
225534,11.57829
225536,12.43051
225537,12.692132
225538,12.463127
225540,11.417253
225541,11.292088
225542,10.777559
225544,11.535149
225548,12.054143
225549,12.179191
225550,11.143763
225551,11.143763
225552,12.255146
225553,14.714865
225554,12.255146
225555,11.464072
225556,12.43051
225557,12.692132
225558,12.463127
225561,11.292088
225563,14.671046
225564,14.671046
225566,12.007416
225567,12.054143
225568,12.179191
225570,11.143763
225572,12.255146
225573,11.786878
225574,12.255146
225576,12.43051
225577,12.657165
225578,12.463127
225581,11.535149
225582,11.535149
225583,11.428341
225585,12.007416
225586,12.054143
225587,12.179191
225588,11.143763
225589,11.143763
225590,11.487561
225591,12.255146
225592,11.786878
225593,12.065422
225594,11.464072
225595,11.464072
225596,12.43051
225597,12.657165
225598,12.42816
225600,11.417253
225601,11.292088
225603,15.143313
225604,15.143313
225605,11.900608
225606,12.179191
225607,12.225918
225608,12.179191
225610,11.487561
225611,12.255146
225612,15.20132
225613,12.255146
225614,11.464072
225615,11.464072
225616,12.563396
225617,12.301929
225620,12.718476
225621,11.292088
225627,12.297779
225628,12.297779
225629,12.190971
225630,12.469554
225631,12.516281
225632,12.469554
225636,12.355785
225637,12.077241
225638,12.507365
225639,12.85376
225640,12.947528
225643,11.582451
225644,11.742802
225645,12.740327
225646,12.740327
225647,12.633519
225648,12.912102
225649,12.958829
225650,12.912102
225654,12.988057
225655,12.641954
225656,12.988057
225657,13.296308
225658,13.425043
225659,13.161071
225661,12.150164
225662,12.024999
225665,12.26806
225667,12.912102
225668,12.787054
225669,12.912102
225670,11.782697
225673,12.988057
225674,12.326219
225675,12.798333
225676,12.196983
225677,12.196983
225678,13.163421
225679,13.425043
225680,13.196038
225681,12.361248
225682,12.150164
225683,12.024999
225685,12.335421
225687,12.913898
225688,12.913898
225689,14.172602
225692,13.085673
225693,13.1324005
225694,13.085673
225697,13.161629
225698,12.69336
225699,13.161629
225700,12.319268
225701,12.370555
225703,13.469879
225704,13.479661
225705,13.334642
225707,12.323735
225708,12.19857
225710,12.358921
225713,12.441631
225714,12.441631
225715,12.334824
225717,12.913898
225718,12.960626
225719,13.085673
225723,12.971905
225724,12.69336
225725,13.161629
225726,12.370555
225727,12.370555
225728,13.336992
225729,13.479661
225730,13.334642
225733,12.19857
225734,12.508992
225735,13.16119
225736,11.944732
225737,11.944732
225738,12.219962
225739,12.266689
225740,12.219962
225744,12.331612
225745,12.053067
225748,12.923354
225749,12.694349
225752,11.79453
225753,11.79453
225754,11.778824
225757,11.79453
225758,11.841257
225759,12.06976
225762,11.423457
225763,12.18141
225764,11.902865
225765,12.18141
225766,11.635468
225767,11.635468
225768,12.679384
225769,12.773152
225770,12.5441475
225772,11.142324
225773,12.377193
225774,11.43411
225777,11.151396
225778,11.151396
225779,10.959951
225780,10.922132
225782,11.79453
225783,11.841257
225784,12.06976
225785,11.091169
225786,11.224056
225787,11.603549
225788,12.18141
225789,11.902865
225790,12.18141
225791,11.459729
225792,11.459729
225793,12.546497
225794,12.773152
225795,12.5441475
225796,11.1776705
225797,11.142324
225798,11.07597
225800,11.4084425
225801,11.864453
225802,11.4084425
225803,11.301598
225804,14.437495
225807,11.991459
225808,12.219962
225809,11.374258
225810,11.374258
225812,12.331612
225813,11.859497
225814,11.718252
225815,11.609931
225816,11.609931
225818,12.696699
225819,12.958322
225820,12.729317
225822,11.292526
225823,11.2261715
225825,11.558644
225826,13.290814
225827,12.834804
225828,15.2854595
225829,15.2854595
225830,13.118798
225831,12.348493
225833,11.980822
225834,12.19583
225835,11.498218
225839,12.149975
225840,12.165523
225841,12.238161
225842,11.609931
225843,11.609931
225845,12.775323
225846,12.896821
225847,12.642436
225848,11.409211
225849,11.292526
225850,11.2261715
225851,10.312187
225852,11.408573
225854,11.742818
225855,15.080629
225856,15.080629
225858,12.219962
225859,12.266689
225860,12.219962
225863,11.753751
225864,12.331612
225865,12.053067
225866,12.331612
225867,11.609931
225868,11.609931
225869,12.829586
225870,12.923354
225873,11.292526
225874,11.2261715
225877,11.79453
225878,11.79453
225879,11.778824
225880,11.09787
225882,12.06976
225883,12.1164875
225884,12.06976
225886,12.18141
225887,11.902865
225888,12.18141
225889,11.635468
225890,11.635468
225892,12.679384
225893,12.773152
225895,11.434748
225896,11.142324
225897,11.07597
225899,11.43411
225902,11.151396
225906,11.79453
225907,11.841257
225908,12.06976
225909,11.224056
225910,11.224056
225911,11.603549
225912,12.18141
225913,11.709295
225914,11.56805
225915,11.635468
225916,11.635468
225918,12.546497
225919,12.80812
225920,12.579115
225921,11.353409
225922,11.142324
225923,11.07597
225924,11.151396
225925,11.151396
225927,11.79453
225928,11.841257
225929,12.06976
225930,11.224056
225933,12.18141
225934,11.576408
225935,11.470662
225936,11.635468
225939,12.80812
225940,12.579115
225943,11.07597
225946,11.151396
225947,11.13569
225950,11.79453
225951,11.841257
225952,12.06976
225953,11.224056
225956,12.18141
225957,11.709295
225958,12.18141
225959,11.635468
225960,11.635468
225962,12.546497
225963,12.80812
225964,12.579115
225965,11.353409
225966,11.142324
225967,11.07597
225968,11.584181
225969,13.316351
225970,12.86034
225973,11.79453
225974,11.841257
225975,12.06976
225977,11.603549
225978,12.18141
225979,14.935308
225980,12.18141
225981,12.546497
225982,12.773152
225985,11.142324
225990,11.09787
225991,11.79453
225992,11.841257
225993,12.06976
225994,11.224056
225996,12.18141
225997,11.813751
225998,11.470662
226001,12.546497
226002,12.773152
226005,11.07597
226006,11.79453
226007,11.79453
226008,11.778824
226010,12.06976
226011,12.1164875
226012,12.06976
226015,12.18141
226016,11.902865
226017,12.18141
226018,11.635468
226020,12.679384
226021,12.773152
226022,12.579115
226023,11.434748
226024,11.142324
226025,12.377193
226026,11.43411
226028,14.930428
226029,14.930428
226030,11.778824
226032,12.06976
226033,12.1164875
226034,12.06976
226038,12.18141
226039,11.902865
226040,12.18141
226041,12.679384
226042,12.689166
226043,12.5441475
226044,11.434748
226046,11.07597
226047,11.151396
226048,11.151396
226051,11.841257
226052,12.06976
226056,12.18141
226057,11.709295
226058,12.18141
226059,11.635468
226060,11.635468
226061,12.546497
226062,12.80812
226063,12.579115
226065,11.142324
226066,11.07597
226069,11.151396
226070,11.151396
226071,11.13569
226073,11.79453
226074,11.841257
226075,12.06976
226076,11.224056
226077,11.224056
226078,11.470662
226079,12.18141
226080,11.902865
226081,11.484064
226082,11.635468
226083,11.635468
226085,12.546497
226086,12.773152
226087,12.5441475
226088,11.353409
226089,11.142324
226090,11.07597
226091,10.337477
226093,11.151396
226094,11.151396
226098,11.841257
226099,12.06976
226103,12.18141
226104,15.317307
226105,12.18141
226108,12.80812
226109,12.579115
226112,11.07597
226113,14.287293
226114,14.287293
226115,13.144335
226117,12.06976
226118,12.1164875
226119,12.06976
226123,12.18141
226124,11.576408
226125,12.18141
226126,11.635468
226127,11.635468
226128,12.679384
226129,12.773152
226130,12.5441475
226131,11.434748
226132,11.142324
226133,11.07597
226135,11.43411
226140,14.930428
226141,14.930428
226142,13.144335
226145,12.06976
226146,12.1164875
226147,12.06976
226148,11.224056
226151,12.18141
226152,11.902865
226153,12.18141
226156,12.679384
226157,12.773152
226158,12.5441475
226160,11.142324
226161,11.07597
226162,12.040192
226164,11.151396
226165,11.151396
226166,11.13569
226168,11.79453
226169,11.841257
226170,12.06976
226171,11.224056
226172,11.224056
226173,11.603549
226174,12.18141
226175,11.709295
226176,12.18141
226177,11.635468
226178,11.635468
226179,12.546497
226180,12.80812
226181,12.579115
226182,11.353409
226183,11.142324
226184,11.07597
226185,10.337477
226186,11.584181
226188,11.584181
226189,11.151396
226190,11.151396
226192,11.79453
226193,11.841257
226194,12.06976
226195,11.224056
226197,11.603549
226198,12.18141
226199,11.709295
226200,11.484064
226201,12.546497
226202,12.80812
226203,12.579115
226205,11.142324
226206,11.07597
226207,11.79453
226215,12.773152
226219,11.79453
226220,11.79453
226221,11.778824
226223,12.06976
226224,12.1164875
226225,12.06976
226227,12.18141
226228,11.902865
226229,12.18141
226230,11.635468
226232,12.679384
226233,12.773152
226234,12.5441475
226237,11.07597
226239,11.43411
226240,11.151396
226241,11.151396
226242,11.79453
226243,11.841257
226244,12.01843
226245,11.603549
226246,12.18141
226247,11.709295
226248,11.56805
226249,11.635468
226250,11.635468
226251,12.546497
226252,12.80812
226253,12.579115
226254,11.353409
226255,11.142324
226256,11.07597
226259,12.040192
226260,11.584181
226261,11.79453
226262,14.930428
226263,13.144335
226266,12.06976
226267,12.1164875
226268,12.06976
226271,11.603549
226272,12.18141
226273,11.902865
226274,12.18141
226275,11.635468
226279,12.679384
226280,12.689166
226281,12.540971
226283,11.142324
226284,11.07597
226286,11.43411
226287,12.224365
226289,11.151396
226291,11.79453
226292,11.841257
226294,11.224056
226296,12.18141
226297,11.709295
226298,12.143266
226299,12.546497
226300,12.80812
226301,12.579115
226307,11.79453
226308,11.79453
226309,11.778824
226311,11.79453
226312,11.841257
226313,12.06976
226317,12.18141
226318,11.902865
226319,12.18141
226321,12.679384
226322,12.773152
226324,11.434748
226326,11.07597
226327,11.43411
226329,11.79453
226330,11.79453
226331,11.778824
226332,12.06976
226333,12.1164875
226334,12.06976
226336,12.18141
226337,11.902865
226338,12.18141
226339,11.635468
226340,12.84734
226341,12.679384
226342,12.80812
226343,12.5441475
226345,11.142324
226346,11.07597
226347,10.337477
226348,11.43411
226351,11.841257
226356,12.18141
226359,15.717362
226360,12.80812
226361,12.579115
226364,11.07597
226366,11.151396
226367,11.13569
226369,12.015804
226370,11.79453
226371,11.841257
226372,12.06976
226373,11.224056
226374,11.224056
226376,12.18141
226377,11.902865
226378,11.56805
226379,11.635468
226380,11.635468
226383,12.546497
226384,12.773152
226385,12.5441475
226387,11.142324
226388,11.07597
226392,11.151396
226394,11.1945
226395,11.79453
226396,11.841257
226397,12.06976
226399,11.224056
226400,11.603549
226401,12.18141
226402,11.902865
226403,11.470662
226405,11.694278
226406,12.546497
226407,12.773152
226408,12.5441475
226411,14.930428
226412,14.930428
226413,11.837634
226416,12.06976
226417,12.1164875
226418,12.06976
226421,11.603549
226422,12.18141
226423,11.902865
226424,12.18141
226425,11.694278
226426,11.694278
226427,12.679384
226428,12.773152
226429,12.5441475
226431,11.201135
226432,11.07597
226434,11.49292
226437,11.151396
226438,11.151396
226439,11.1945
226442,11.79453
226443,11.841257
226444,12.06976
226445,11.224056
226446,11.091169
226447,11.603549
226448,12.143266
226449,11.709295
226450,12.18141
226451,11.694278
226452,11.694278
226454,12.80812
226455,12.579115
226456,11.412219
226457,11.201135
226458,11.07597
226460,14.243443
226461,14.243443
226462,11.150649
226463,11.750679
226464,11.797406
226465,12.025909
226466,11.180205
226467,11.180205
226468,11.559698
226469,12.137559
226470,14.787002
226471,12.137559
226472,11.650427
226473,11.650427
226474,12.502646
226475,12.764269
226476,12.535264
226478,11.157284
226479,11.032119
226481,11.59914
226482,11.107545
226483,11.107545
226485,11.750679
226486,11.797406
226487,12.025909
226490,12.137559
226491,11.8590145
226492,12.137559
226495,12.502646
226496,12.729301
226500,12.333343
226501,11.59914
226502,13.527497
226503,12.811012
226504,11.107545
226505,11.107545
226506,11.150649
226507,11.750679
226508,11.797406
226509,12.025909
226510,11.180205
226511,11.180205
226512,11.559698
226513,12.137559
226514,11.8590145
226515,11.5241995
226517,11.650427
226518,12.502646
226519,12.729301
226520,12.500297
226523,11.032119
226524,11.59914
226526,11.59914
226527,14.886577
226528,11.750679
226529,13.159294
226531,12.025909
226532,12.072637
226533,12.025909
226536,11.559698
226537,12.137559
226538,11.8590145
226539,12.137559
226540,12.635533
226541,12.729301
226546,11.750679
226547,11.750679
226548,12.025909
226549,12.072637
226550,12.025909
226552,12.137559
226553,11.8590145
226554,12.137559
226557,12.635533
226558,12.729301
226562,11.449069
226563,11.107545
226564,11.750679
226565,11.793783
226567,12.025909
226568,12.072637
226569,12.025909
226570,12.137559
226571,11.8590145
226572,12.137559
226575,12.635533
226576,12.764269
226577,12.500297
226579,11.157284
226580,11.032119
226581,11.449069
226582,12.251338
226585,11.107545
226586,11.107545
226587,11.750679
226588,11.797406
226593,12.137559
226594,11.665444
226596,12.502646
226597,12.764269
226598,12.535264
226601,11.107545
226602,11.107545
226603,11.750679
226605,12.025909
226607,12.137559
226608,14.787002
226609,12.137559
226610,11.650427
226611,11.650427
226612,12.502646
226613,12.764269
226614,12.535264
226617,11.032119
226619,12.251338
226621,11.107545
226622,14.243443
226623,12.51616
226624,10.469695
226626,11.750679
226627,11.797406
226628,12.025909
226629,11.047318
226631,11.559698
226632,12.137559
226633,11.665444
226634,11.5241995
226636,11.650427
226637,12.502646
226638,12.764269
226639,12.535264
226641,11.157284
226642,11.032119
226645,11.107545
226650,11.797406
226651,12.025909
226652,11.047318
226653,11.180205
226654,11.559698
226655,12.137559
226656,14.758571
226657,12.137559
226658,12.502646
226659,12.729301
226663,11.032119
226664,11.107545
226665,11.107545
226666,11.150649
226667,12.025909
226668,11.797406
226669,12.025909
226670,11.180205
226671,11.559698
226672,12.137559
226673,11.665444
226674,11.5241995
226675,11.650427
226677,12.764269
226678,12.535264
226681,11.032119
226683,11.107545
226684,11.107545
226687,12.025909
226688,11.797406
226689,12.025909
226690,11.180205
226691,11.180205
226692,11.559698
226693,12.137559
226694,11.8590145
226695,11.440213
226696,11.650427
226697,11.650427
226698,12.502646
226699,12.729301
226700,12.500297
226702,11.157284
226703,11.032119
226704,11.59914
226705,11.750679
226706,11.750679
226707,11.793783
226709,11.750679
226710,11.797406
226711,12.025909
226714,11.559698
226715,12.137559
226716,14.891458
226717,12.137559
226720,12.635533
226721,12.374066
226725,11.032119
226729,11.107545
226730,11.107545
226731,11.150649
226733,11.750679
226734,11.797406
226735,12.025909
226738,12.137559
226739,11.7699
226740,12.137559
226741,11.650427
226742,11.650427
226743,12.502646
226744,12.729301
226748,11.032119
226750,11.107545
226751,11.107545
226753,11.112829
226754,11.750679
226755,11.797406
226756,12.025909
226759,12.137559
226760,11.8590145
226761,11.426811
226763,12.502646
226764,12.729301
226765,12.500297
226768,11.032119
226771,11.107545
226772,11.107545
226773,11.150649
226775,11.750679
226776,11.797406
226777,12.025909
226778,11.180205
226779,11.180205
226780,11.559698
226781,12.137559
226782,11.8590145
226783,12.137559
226784,11.650427
226785,12.502646
226786,12.729301
226787,12.500297
226788,11.368368
226789,11.157284
226790,11.032119
226791,11.750679
226792,11.750679
226795,11.750679
226796,12.072637
226797,12.025909
226799,12.137559
226800,14.980572
226801,12.137559
226803,12.635533
226807,11.032119
226810,14.512029
226811,13.868895
226812,12.749052
226814,11.651361
226815,11.698089
226816,11.651361
226820,11.727317
226821,11.448772
226822,11.727317
226823,12.225291
226824,12.319059
226825,12.0900545
226828,12.053301
226830,11.750679
226831,11.750679
226832,11.793783
226835,12.025909
226836,12.072637
226837,12.025909
226839,12.137559
226840,11.7699
226841,12.137559
226842,12.61507
226843,12.862299
226845,12.635533
226846,12.729301
226847,12.500297
226848,12.661579
226849,11.157284
226850,11.032119
226851,10.470246
226852,11.449069
226855,14.886577
226856,14.886577
226857,13.159294
226858,11.112829
226860,12.025909
226861,12.072637
226862,12.025909
226865,12.137559
226866,11.8590145
226867,12.137559
226868,11.650427
226869,11.59914
226871,12.635533
226872,12.729301
226873,12.500297
226874,11.449707
226875,11.157284
226876,11.032119
226877,12.725228
226881,11.107545
226882,11.107545
226883,11.114955
226884,11.077135
226885,11.750679
226886,11.797406
226887,12.025909
226890,12.101865
226891,11.62975
226892,12.101865
226893,11.614733
226894,12.466952
226896,12.49957
226899,10.996425
226901,10.903864
226902,14.039762
226904,11.376131
226905,11.422858
226906,11.600031
226909,11.689173
226910,14.37676
226911,11.016569
226914,12.092404
226915,12.354027
226916,12.125022
226918,12.178466
226919,10.752077
226920,11.376131
226923,11.698089
226925,11.727317
226927,11.337114
226929,12.319059
226933,11.618393
226934,11.618393
226935,11.625803
226936,11.893623
226937,11.940351
226938,11.893623
226942,11.969579
226943,11.691034
226944,11.969579
226945,11.482447
226946,11.482447
226947,12.467553
226948,12.561321
226950,12.623799
226951,11.119504
226952,10.994339
226955,11.618393
226956,11.618393
226959,11.893623
226960,11.940351
226963,11.969579
226964,11.691034
226965,11.969579
226968,12.467553
226969,12.561321
226970,12.332316
226973,10.994339
226976,11.618393
226977,11.618393
226978,11.625803
226980,11.893623
226981,11.940351
226982,11.893623
226984,11.969579
226985,11.691034
226986,11.969579
226987,12.694319
226989,12.467553
226990,12.561321
226991,12.332316
226993,11.119504
226994,10.994339
226996,11.281089
226997,11.146126
227002,11.66512
227003,11.893623
227006,11.391718
227007,11.931435
227008,15.105476
227009,11.258831
227010,11.482447
227012,12.334666
227014,12.367284
227016,11.119504
227019,11.191253
227020,11.191253
227023,11.710247
227024,11.93875
227026,12.014706
227027,11.736161
227028,12.014706
227029,11.527574
227030,11.527574
227031,12.379793
227032,12.606448
227033,12.377443
227035,11.366536
227036,11.241371
227038,11.476287
227039,11.191253
227040,11.191253
227044,11.66352
227045,11.710247
227046,11.93875
227047,11.093046
227048,11.093046
227049,11.436845
227050,12.014706
227051,11.736161
227052,11.401346
227054,12.414761
227055,12.606448
227056,12.377443
227059,11.66352
227060,11.66352
227061,11.67093
227062,11.914665
227063,11.445752
227064,11.93875
227065,11.985477
227066,11.93875
227068,11.093046
227069,11.436845
227070,12.014706
227071,11.858327
227072,12.014706
227073,11.527574
227074,11.527574
227077,12.51268
227078,12.606448
227079,12.377443
227081,11.366536
227082,11.241371
227083,10.726843
227084,11.326216
227085,12.434824
227087,11.66352
227088,11.66352
227089,11.67093
227091,11.93875
227092,11.985477
227093,11.93875
227094,11.093046
227097,12.014706
227098,14.89077
227099,12.014706
227100,12.51268
227101,12.606448
227102,12.377443
227104,11.366536
227105,11.241371
227106,11.66352
227107,11.66352
227108,11.67093
227109,11.93875
227110,11.985477
227111,11.93875
227115,12.014706
227116,11.858327
227117,12.014706
227118,12.51268
227119,12.606448
227123,11.241371
227124,11.326216
227126,11.66352
227127,11.66352
227128,11.67093
227131,11.93875
227132,11.985477
227133,11.93875
227134,11.093046
227137,12.014706
227138,11.858327
227139,12.014706
227140,11.527574
227144,12.51268
227145,12.522462
227146,12.377443
227148,11.366536
227149,11.241371
227150,11.326216
227153,11.191253
227154,11.191253
227155,11.198663
227156,11.66352
227157,11.710247
227158,11.93875
227159,11.093046
227160,11.093046
227161,11.436845
227162,11.976562
227163,11.542591
227164,11.401346
227165,11.527574
227166,11.476287
227168,12.379793
227169,12.641416
227170,12.412411
227172,11.366536
227173,11.241371
227174,10.726843
227176,11.191253
227180,11.710247
227181,11.93875
227182,11.093046
227183,11.093046
227184,12.014706
227185,11.542591
227186,11.31736
227187,11.413356
227188,12.379793
227189,12.641416
227190,12.412411
227193,11.241371
227195,14.32715
227196,14.32715
227198,11.66352
227199,11.710247
227200,11.93875
227202,11.093046
227204,12.014706
227205,11.736161
227206,11.624503
227208,12.379793
227209,12.606448
227210,12.377443
227213,11.191253
227214,11.191253
227215,11.084445
227217,11.66352
227218,11.710247
227219,11.93875
227220,11.093046
227221,11.093046
227222,11.436845
227223,12.014706
227224,11.736161
227225,12.014706
227226,11.413356
227227,11.413356
227228,12.379793
227229,12.606448
227230,12.377443
227232,11.366536
227233,11.241371
227235,14.7994175
227236,14.7994175
227237,11.556712
227238,11.93875
227239,11.985477
227240,11.93875
227242,11.256753
227243,12.014706
227244,11.542591
227245,12.014706
227246,11.362069
227247,11.413356
227248,12.51268
227249,12.606448
227252,12.66776
227253,11.241371
227259,11.953883
227260,11.953883
227261,11.847075
227262,12.229114
227263,12.275841
227264,12.229114
227268,12.305069
227269,12.14869
227270,12.305069
227271,12.803043
227272,12.8968115
227275,11.531734
227276,11.502361
227277,12.396431
227278,12.396431
227279,12.289623
227280,12.671661
227281,12.718389
227282,12.671661
227286,12.747617
227287,12.591238
227288,15.883514
227289,13.245591
227290,13.255373
227291,13.110354
227293,12.099447
227294,11.974282
227297,11.924164
227299,12.396431
227300,12.443158
227301,12.671661
227302,11.73198
227305,12.747617
227306,12.275502
227307,12.050271
227308,12.146267
227309,12.146267
227310,13.112704
227311,13.374327
227312,13.145322
227313,12.310532
227314,12.099447
227315,11.974282
227317,12.09498
227319,12.570003
227320,12.570003
227321,13.828706
227324,12.845233
227325,12.89196
227326,12.845233
227329,12.921188
227330,12.642644
227331,12.921188
227332,12.319839
227333,12.319839
227335,13.419163
227336,13.157696
227337,13.283926
227339,12.273019
227340,12.147854
227342,12.118481
227345,12.097735
227346,12.097735
227347,11.990928
227349,12.570003
227350,12.61673
227351,12.845233
227355,12.921188
227356,12.642644
227357,12.307829
227358,12.319839
227359,12.319839
227360,13.286276
227361,13.512931
227362,13.283926
227365,12.147854
227366,12.268552
227367,12.92075
227368,11.944732
227369,11.944732
227370,12.219962
227371,11.991459
227372,12.219962
227376,12.331612
227377,12.053067
227380,12.923354
227381,12.694349
227384,11.79453
227385,11.79453
227386,11.778824
227389,11.79453
227390,11.841257
227391,12.06976
227394,11.603549
227395,12.18141
227396,11.902865
227397,12.18141
227398,12.84734
227399,11.635468
227400,12.679384
227401,12.773152
227402,12.5441475
227404,12.443548
227405,11.07597
227406,11.43411
227409,11.151396
227410,11.151396
227411,10.959951
227412,10.922132
227414,11.79453
227415,11.841257
227416,12.06976
227417,11.224056
227418,11.224056
227419,11.603549
227420,12.18141
227421,11.902865
227422,12.18141
227423,11.459729
227424,11.459729
227425,12.546497
227426,12.773152
227427,12.5441475
227428,11.1776705
227429,11.142324
227430,11.07597
227432,11.4084425
227433,11.91574
227434,11.459729
227435,14.437495
227436,14.437495
227439,12.266689
227440,12.219962
227441,11.374258
227442,11.374258
227444,12.331612
227445,11.859497
227446,12.331612
227447,11.609931
227448,11.609931
227450,12.696699
227451,12.958322
227452,12.729317
227454,11.292526
227455,11.2261715
227457,11.558644
227458,13.277814
227459,12.821803
227460,11.705591
227461,11.705591
227462,11.753287
227463,12.348493
227465,11.980822
227466,12.152592
227467,11.743476
227471,11.30835
227472,12.165523
227473,12.238161
227474,11.609931
227475,11.609931
227477,12.775323
227478,12.896821
227479,12.642436
227480,11.409211
227481,11.292526
227482,11.2261715
227483,10.312187
227484,11.408573
227486,12.95469
227487,15.080629
227488,15.080629
227490,12.219962
227491,12.266689
227492,12.219962
227495,11.753751
227496,12.331612
227497,12.053067
227498,12.331612
227499,11.609931
227500,11.609931
227501,12.829586
227502,12.923354
227505,11.292526
227506,11.2261715
227510,11.79453
227511,11.79453
227512,11.778824
227513,11.09787
227515,12.06976
227516,12.1164875
227517,12.06976
227519,12.18141
227520,11.902865
227521,12.18141
227522,11.635468
227523,11.584181
227525,12.679384
227526,12.689166
227528,11.434748
227529,11.142324
227530,11.07597
227532,11.43411
227535,11.151396
227539,11.79453
227540,11.841257
227541,12.06976
227542,11.224056
227543,11.224056
227544,11.603549
227545,12.18141
227546,11.709295
227547,12.18141
227548,11.635468
227549,11.635468
227551,12.546497
227552,12.80812
227553,12.579115
227554,11.353409
227555,11.142324
227556,11.07597
227557,11.151396
227558,11.151396
227559,11.79453
227560,11.841257
227561,12.06976
227562,11.224056
227565,12.18141
227566,15.279163
227567,12.18141
227568,11.635468
227571,12.80812
227572,12.579115
227575,11.07597
227578,11.151396
227579,11.13569
227582,11.79453
227583,11.841257
227584,12.06976
227585,11.224056
227588,12.18141
227589,11.709295
227590,12.18141
227591,11.635468
227592,11.635468
227594,12.546497
227595,12.80812
227596,12.579115
227597,11.353409
227598,11.142324
227599,11.07597
227601,11.584181
227602,12.091478
227603,11.635468
227606,11.79453
227607,11.841257
227608,12.06976
227610,11.603549
227611,12.18141
227612,11.902865
227613,11.56805
227614,12.546497
227615,12.773152
227618,11.142324
227623,11.09787
227624,11.79453
227625,11.841257
227626,12.06976
227627,11.224056
227629,12.18141
227630,11.813751
227631,11.56805
227634,12.546497
227635,12.773152
227638,11.07597
227639,11.79453
227640,11.79453
227641,11.778824
227643,12.06976
227644,12.1164875
227645,12.06976
227648,12.18141
227649,11.902865
227650,12.18141
227651,11.635468
227653,12.679384
227654,12.773152
227655,12.5441475
227656,12.64662
227657,11.142324
227658,12.377193
227659,11.43411
227661,14.930428
227662,14.930428
227663,13.144335
227665,12.06976
227666,12.1164875
227667,12.06976
227671,12.18141
227672,11.902865
227673,12.18141
227674,12.679384
227675,12.689166
227676,12.5441475
227677,11.434748
227679,11.07597
227680,11.151396
227681,11.151396
227684,11.841257
227685,12.06976
227689,12.18141
227690,11.709295
227691,12.18141
227692,11.635468
227693,11.635468
227694,12.546497
227695,12.80812
227696,12.579115
227698,11.142324
227699,11.07597
227702,11.151396
227703,11.151396
227704,11.13569
227706,11.79453
227707,11.841257
227708,12.06976
227709,11.224056
227710,11.224056
227711,11.603549
227712,12.18141
227713,11.902865
227714,12.18141
227715,11.635468
227716,11.635468
227718,12.546497
227719,12.773152
227720,12.5441475
227721,11.353409
227722,11.142324
227723,11.07597
227724,10.337477
227726,11.151396
227727,11.151396
227731,11.841257
227732,12.06976
227736,12.18141
227737,15.279163
227738,12.18141
227741,12.80812
227742,12.579115
227745,11.07597
227746,14.287293
227747,14.287293
227748,13.144335
227750,12.06976
227751,12.1164875
227752,12.06976
227756,12.18141
227757,11.576408
227758,12.18141
227759,11.635468
227760,11.635468
227761,12.679384
227762,12.689166
227763,12.5441475
227764,11.434748
227765,11.142324
227766,11.07597
227768,11.43411
227773,11.79453
227774,14.930428
227775,11.778824
227778,12.06976
227779,12.1164875
227780,12.06976
227781,11.224056
227784,12.18141
227785,11.902865
227786,12.18141
227789,12.679384
227790,12.417917
227791,12.5441475
227793,11.142324
227794,11.07597
227795,13.252064
227797,11.151396
227798,11.151396
227799,11.13569
227801,11.79453
227802,11.841257
227803,12.06976
227804,11.224056
227805,11.224056
227806,11.603549
227807,12.18141
227808,11.709295
227809,12.18141
227810,11.635468
227811,11.635468
227812,12.546497
227813,12.80812
227814,12.579115
227815,11.353409
227816,11.142324
227817,11.07597
227818,10.337477
227819,11.584181
227821,11.635468
227822,11.151396
227823,11.151396
227825,11.79453
227826,11.841257
227827,12.06976
227828,11.224056
227830,11.603549
227831,12.18141
227832,11.709295
227833,12.18141
227834,12.546497
227835,12.80812
227836,12.579115
227838,11.142324
227839,11.07597
227840,11.79453
227848,12.773152
227852,11.79453
227853,11.79453
227854,11.778824
227856,12.06976
227857,12.1164875
227858,12.06976
227860,12.18141
227861,11.902865
227862,12.18141
227863,11.635468
227865,12.679384
227866,12.417917
227867,12.5441475
227870,11.07597
227872,11.43411
227873,11.151396
227874,11.151396
227875,11.79453
227876,11.841257
227877,12.06976
227878,11.603549
227879,12.18141
227880,11.709295
227881,12.18141
227882,11.635468
227883,11.635468
227884,12.546497
227885,12.80812
227886,12.579115
227887,11.353409
227888,11.142324
227889,11.07597
227892,12.091478
227893,11.635468
227894,14.930428
227895,11.79453
227896,13.144335
227899,12.06976
227900,12.1164875
227901,12.06976
227904,11.603549
227905,12.18141
227906,11.902865
227907,12.18141
227908,11.635468
227912,12.679384
227913,12.773152
227914,12.540971
227916,11.142324
227917,11.07597
227919,11.43411
227920,12.224365
227922,11.151396
227924,11.79453
227925,11.841257
227927,11.224056
227929,12.143266
227930,11.709295
227931,12.18141
227932,12.546497
227933,12.80812
227934,12.579115
227940,11.79453
227941,11.79453
227942,11.13569
227944,11.79453
227945,11.841257
227946,12.06976
227950,12.18141
227951,11.902865
227952,12.18141
227955,12.679384
227956,12.773152
227958,11.434748
227960,11.07597
227961,11.43411
227963,11.79453
227964,11.79453
227965,11.13569
227966,12.06976
227967,12.1164875
227968,12.06976
227970,12.18141
227971,11.902865
227972,12.18141
227973,11.635468
227974,12.84734
227975,12.679384
227976,12.773152
227977,12.5441475
227979,11.142324
227980,11.07597
227981,10.337477
227982,11.43411
227985,11.841257
227990,12.18141
227993,15.668055
227994,12.80812
227995,12.579115
227998,11.07597
228000,11.151396
228001,11.13569
228003,12.015804
228004,11.79453
228005,11.841257
228006,12.06976
228007,11.224056
228008,11.224056
228010,12.18141
228011,11.902865
228012,12.18141
228013,11.635468
228014,11.635468
228017,12.546497
228018,12.773152
228019,12.5441475
228021,11.142324
228022,11.07597
228026,11.151396
228028,11.077583
228029,11.79453
228030,11.841257
228031,12.06976
228033,11.224056
228034,11.603549
228035,12.18141
228036,11.902865
228037,12.18141
228039,11.577361
228040,12.546497
228041,12.773152
228042,12.5441475
228045,14.930428
228046,14.930428
228047,11.720717
228050,12.06976
228051,12.1164875
228052,12.06976
228055,11.603549
228056,12.18141
228057,11.902865
228058,12.18141
228059,11.577361
228060,11.577361
228061,12.679384
228062,12.773152
228063,12.5441475
228065,11.084218
228066,11.07597
228068,11.376003
228071,11.151396
228072,11.151396
228073,11.077583
228076,11.79453
228077,11.841257
228078,12.06976
228079,11.224056
228080,11.224056
228081,11.603549
228082,12.18141
228083,11.709295
228084,12.18141
228085,11.577361
228086,11.577361
228088,12.80812
228089,12.579115
228090,11.295302
228091,11.084218
228092,11.07597
228093,14.243443
228094,14.243443
228095,11.033732
228096,11.750679
228097,11.797406
228098,12.025909
228099,11.180205
228100,11.047318
228101,11.559698
228102,12.137559
228103,11.665444
228104,12.137559
228105,11.53351
228106,11.53351
228107,12.502646
228108,12.764269
228109,12.535264
228111,11.040367
228112,11.032119
228113,11.4822235
228114,11.107545
228115,11.107545
228117,11.750679
228118,11.797406
228119,12.025909
228122,12.137559
228123,11.8590145
228124,11.747356
228127,12.502646
228128,12.729301
228132,12.333343
228133,11.4822235
228134,13.39758
228135,12.498154
228136,11.107545
228137,11.107545
228138,11.033732
228139,11.750679
228140,11.797406
228141,12.025909
228142,11.180205
228143,11.180205
228144,11.559698
228145,12.137559
228146,11.8590145
228147,12.137559
228149,11.53351
228150,12.502646
228151,12.729301
228152,12.500297
228155,11.032119
228156,11.4822235
228158,11.53351
228159,14.886577
228160,11.750679
228161,11.676867
228163,12.025909
228164,12.072637
228165,12.025909
228168,11.559698
228169,12.137559
228170,11.8590145
228171,12.137559
228172,12.635533
228173,12.729301
228178,11.750679
228179,11.750679
228180,12.025909
228181,12.072637
228182,12.025909
228185,12.137559
228186,11.8590145
228187,12.137559
228190,12.537614
228191,12.729301
228195,11.332152
228196,11.750679
228197,11.750679
228198,11.676867
228200,12.025909
228201,12.072637
228202,12.025909
228203,12.137559
228204,11.8590145
228205,12.137559
228207,12.635533
228208,12.374066
228209,12.500297
228211,11.040367
228212,11.032119
228213,11.332152
228214,11.938479
228217,11.107545
228218,11.107545
228219,11.750679
228220,11.797406
228225,12.137559
228226,11.665444
228228,12.502646
228229,12.764269
228230,12.535264
228233,11.107545
228234,11.107545
228235,11.750679
228237,12.025909
228239,12.137559
228240,14.654115
228241,12.137559
228242,11.53351
228243,11.53351
228244,12.502646
228245,12.764269
228246,12.535264
228249,11.032119
228251,12.185708
228253,11.107545
228254,14.243443
228255,12.399243
228256,10.352778
228258,11.750679
228259,11.797406
228260,12.025909
228261,11.180205
228263,11.559698
228264,12.137559
228265,11.665444
228266,11.5241995
228268,11.53351
228269,12.502646
228270,12.764269
228271,12.535264
228273,11.040367
228274,11.032119
228277,11.107545
228282,11.797406
228283,12.025909
228284,11.180205
228285,11.180205
228286,11.559698
228287,12.137559
228288,11.8590145
228289,12.137559
228290,12.502646
228291,12.729301
228295,11.032119
228296,11.107545
228297,11.107545
228298,11.033732
228299,11.750679
228300,11.797406
228301,12.025909
228302,11.180205
228303,11.559698
228304,12.137559
228305,11.665444
228306,11.747356
228307,11.53351
228310,12.764269
228311,12.535264
228314,11.032119
228316,11.107545
228317,11.107545
228320,11.750679
228321,11.797406
228322,12.025909
228323,11.180205
228324,11.180205
228325,11.559698
228326,12.137559
228327,11.8590145
228328,12.137559
228329,11.53351
228330,11.53351
228331,12.502646
228332,12.729301
228333,12.500297
228335,11.040367
228336,11.032119
228337,11.4822235
228338,11.750679
228339,11.750679
228340,11.676867
228342,11.750679
228343,11.797406
228344,12.025909
228347,11.559698
228348,12.137559
228349,11.8590145
228350,12.137559
228353,12.635533
228354,12.729301
228358,11.032119
228362,11.107545
228363,11.107545
228364,11.033732
228366,11.750679
228367,11.797406
228368,12.025909
228371,12.137559
228372,11.665444
228373,12.137559
228374,11.53351
228375,11.53351
228376,12.502646
228377,12.729301
228381,11.032119
228383,11.107545
228384,11.107545
228386,10.995913
228387,11.750679
228388,11.797406
228389,12.025909
228392,12.137559
228393,11.8590145
228394,12.137559
228396,12.502646
228397,12.729301
228398,12.500297
228401,11.032119
228404,11.107545
228405,11.107545
228406,11.033732
228408,11.750679
228409,11.797406
228410,12.025909
228411,11.180205
228412,11.180205
228413,11.559698
228414,12.137559
228415,11.8590145
228416,12.137559
228417,11.53351
228419,12.502646
228420,12.729301
228421,12.500297
228422,11.2514515
228423,11.040367
228424,11.032119
228426,11.750679
228427,11.750679
228430,12.025909
228431,12.072637
228432,12.025909
228434,12.137559
228435,11.8590145
228436,12.137559
228439,12.635533
228443,11.032119
228446,14.512029
228447,13.868895
228448,12.632135
228450,11.651361
228451,11.698089
228452,11.651361
228456,11.727317
228457,11.448772
228458,11.727317
228459,12.225291
228460,12.319059
228461,12.0900545
228464,10.752077
228466,11.750679
228467,11.750679
228468,11.676867
228471,12.025909
228472,12.072637
228473,12.025909
228475,12.137559
228476,11.8590145
228477,12.137559
228478,12.745382
228479,12.745382
228481,12.635533
228482,12.729301
228483,12.500297
228484,12.544662
228485,11.040367
228486,11.032119
228487,10.35333
228488,11.332152
228491,14.886577
228492,14.886577
228493,11.676867
228494,10.995913
228496,12.025909
228497,12.072637
228498,12.025909
228502,12.137559
228503,11.8590145
228504,11.747356
228505,11.53351
228506,11.53351
228508,12.635533
228509,12.729301
228510,12.500297
228511,11.33279
228512,11.040367
228513,11.032119
228515,12.608312
228519,11.107545
228520,11.107545
228521,10.998038
228522,10.960218
228523,11.750679
228524,11.797406
228525,12.025909
228528,12.063721
228529,11.62975
228530,11.711662
228531,11.497816
228532,12.466952
228534,12.49957
228537,10.996425
228539,10.903864
228540,10.903864
228542,11.376131
228543,11.422858
228544,11.651361
228547,14.82507
228548,14.243873
228549,11.689173
228552,12.092404
228553,12.354027
228554,12.125022
228556,10.760325
228557,10.752077
228558,11.376131
228561,11.698089
228563,11.727317
228565,11.727317
228567,12.319059
228571,11.618393
228572,11.618393
228573,11.508886
228574,11.893623
228575,11.940351
228576,11.893623
228580,11.969579
228581,11.691034
228582,11.969579
228583,12.577402
228584,11.36553
228585,12.467553
228586,12.561321
228588,12.506883
228589,11.002587
228590,12.295563
228593,11.618393
228594,11.618393
228597,11.893623
228598,11.940351
228601,11.969579
228602,11.691034
228603,11.969579
228606,12.467553
228607,12.561321
228608,12.332316
228611,10.994339
228614,11.618393
228615,11.618393
228616,11.508886
228618,11.893623
228619,11.940351
228620,11.893623
228623,11.969579
228624,11.691034
228625,11.969579
228626,12.577402
228628,12.467553
228629,12.561321
228630,12.332316
228632,11.002587
228633,10.994339
228635,11.164172
228636,11.146126
228641,11.66512
228642,11.893623
228645,11.391718
228646,11.931435
228647,11.364577
228648,11.969579
228649,11.36553
228651,12.334666
228653,12.367284
228655,11.002587
228658,11.246192
228659,11.246192
228662,11.765186
228663,11.99369
228665,12.069645
228666,11.7911005
228667,12.069645
228668,11.465596
228669,11.465596
228670,12.434732
228671,12.661387
228672,12.432383
228674,11.2496195
228675,11.241371
228677,11.4143095
228678,11.246192
228679,11.246192
228683,11.718459
228684,11.765186
228685,11.99369
228686,11.147985
228687,11.147985
228688,11.491784
228689,12.069645
228690,11.7911005
228691,12.069645
228694,12.434732
228695,12.661387
228696,12.432383
228699,11.718459
228700,11.718459
228701,11.6089525
228702,11.852688
228703,11.383775
228704,11.99369
228705,12.040417
228706,11.99369
228708,11.147985
228709,11.491784
228710,12.069645
228711,11.858327
228712,12.069645
228713,11.465596
228714,11.465596
228717,12.567619
228718,12.661387
228719,12.432383
228721,11.2496195
228722,11.241371
228723,10.609926
228724,11.264238
228725,12.317907
228727,11.718459
228728,11.718459
228729,11.6089525
228731,11.99369
228732,12.040417
228733,11.99369
228734,11.147985
228737,12.069645
228738,11.858327
228739,11.679442
228740,12.567619
228741,12.661387
228742,12.432383
228744,11.2496195
228745,11.241371
228746,11.718459
228747,11.718459
228748,11.6089525
228749,11.99369
228750,12.040417
228751,11.99369
228755,12.069645
228756,11.858327
228757,12.069645
228758,12.567619
228759,12.661387
228763,11.241371
228764,11.264238
228766,11.718459
228767,11.718459
228768,11.6089525
228771,11.99369
228772,12.040417
228773,11.99369
228774,11.147985
228777,12.069645
228778,11.858327
228779,12.069645
228780,11.465596
228784,12.567619
228785,12.661387
228786,12.432383
228788,11.2496195
228789,11.241371
228790,11.264238
228793,11.246192
228794,11.246192
228795,11.136685
228796,11.718459
228797,11.765186
228798,11.99369
228799,11.147985
228800,11.147985
228801,11.491784
228802,12.069645
228803,11.59753
228804,12.069645
228805,11.465596
228806,11.465596
228808,12.434732
228809,12.696355
228810,12.46735
228812,11.2496195
228813,11.241371
228814,10.609926
228816,11.246192
228820,11.765186
228821,11.99369
228822,11.147985
228823,11.147985
228824,12.069645
228825,11.59753
228826,11.456285
228827,11.351378
228828,12.434732
228829,12.696355
228830,12.46735
228833,11.241371
228835,14.38209
228836,14.38209
228838,11.718459
228839,11.765186
228840,11.99369
228842,11.147985
228844,12.069645
228845,14.690657
228846,12.069645
228848,12.434732
228849,12.661387
228850,12.432383
228853,11.246192
228854,11.246192
228855,11.022468
228857,11.718459
228858,11.765186
228859,11.99369
228860,11.147985
228861,11.147985
228862,11.491784
228863,12.069645
228864,11.7911005
228865,12.069645
228866,11.351378
228867,11.351378
228868,12.434732
228869,12.661387
228870,12.46735
228872,11.2496195
228873,11.241371
228875,14.854357
228876,14.854357
228877,11.494735
228878,11.99369
228879,12.040417
228880,11.99369
228882,11.491784
228883,12.069645
228884,11.858327
228885,12.069645
228886,11.351378
228887,11.351378
228888,12.567619
228889,12.661387
228892,12.550843
228893,11.241371
228899,12.008822
228900,12.008822
228901,11.785098
228902,12.284053
228903,12.33078
228904,12.284053
228908,12.360008
228909,12.14869
228910,12.360008
228911,12.857983
228912,12.951751
228915,11.531734
228916,11.440384
228917,12.45137
228918,12.45137
228919,12.227646
228920,12.726601
228921,12.773328
228922,12.726601
228926,12.802556
228927,12.591238
228928,12.4123535
228929,13.30053
228930,13.394299
228931,13.165294
228933,11.982531
228934,11.974282
228937,11.979103
228939,12.45137
228940,12.498097
228941,12.726601
228942,11.78692
228945,12.802556
228946,12.330441
228947,12.802556
228948,12.08429
228949,12.08429
228950,13.167644
228951,13.429266
228952,13.200261
228953,12.193615
228954,11.982531
228955,11.974282
228957,12.033003
228959,12.624942
228960,12.624942
228961,13.766728
228964,12.900172
228965,12.946899
228966,12.900172
228969,12.976128
228970,12.76481
228971,12.976128
228972,12.257861
228973,12.257861
228975,13.474102
228976,13.56787
228977,13.338865
228979,12.156102
228980,12.147854
228982,12.056503
228985,12.152675
228986,12.152675
228987,11.92895
228989,12.624942
228990,12.671669
228991,12.900172
228995,12.976128
228996,12.697583
228997,12.976128
228998,12.257861
228999,12.257861
229000,13.341215
229001,13.56787
229002,13.338865
229005,12.147854
229006,12.206574
229007,12.910059
229008,12.099991
229009,12.099991
229010,12.099991
229011,12.421948
229012,12.375221
229016,12.331612
229017,12.053067
229020,12.84418
229021,12.694349
229024,11.949789
229025,11.949789
229026,11.854909
229029,11.949789
229030,11.996516
229031,12.225019
229034,11.603549
229035,12.18141
229036,11.902865
229037,12.18141
229038,12.899298
229039,11.5562935
229040,12.679384
229041,12.693978
229042,12.5441475
229044,14.092324
229045,12.850778
229046,11.510195
229049,11.306655
229050,11.306655
229051,11.0360365
229052,10.998217
229054,11.949789
229055,11.996516
229056,12.225019
229057,11.224056
229058,11.224056
229059,11.603549
229060,12.18141
229061,11.902865
229062,12.18141
229063,11.380555
229064,11.380555
229065,12.546497
229066,12.693978
229067,12.5441475
229068,13.943484
229069,13.92062
229070,13.882034
229072,11.329268
229073,11.836566
229074,11.380555
229075,11.456857
229076,11.456857
229079,12.146718
229080,12.375221
229081,11.374258
229082,11.374258
229084,12.331612
229085,11.859497
229086,11.941409
229087,11.530757
229088,11.530757
229090,12.696699
229091,12.879148
229092,12.729317
229094,14.070822
229095,14.032236
229097,11.47947
229098,13.329772
229099,12.873761
229100,15.440719
229101,15.440719
229102,11.829372
229103,11.00834
229105,12.092842
229106,12.307851
229107,11.653477
229111,11.30835
229112,12.165523
229113,12.238161
229114,11.530757
229115,11.530757
229117,12.775323
229118,12.817647
229119,12.642436
229120,14.523966
229121,14.242526
229122,14.176171
229123,10.1947775
229124,11.484658
229126,11.248698
229127,15.2358885
229128,15.2358885
229130,12.375221
229131,12.421948
229132,12.375221
229135,11.753751
229136,12.331612
229137,12.053067
229138,12.331612
229139,11.530757
229140,11.530757
229141,12.829586
229142,12.84418
229145,14.242526
229146,14.176171
229150,11.949789
229151,11.949789
229152,11.854909
229153,11.033876
229155,12.225019
229156,12.271747
229157,12.225019
229159,12.18141
229160,11.902865
229161,12.18141
229162,11.5562935
229163,11.505007
229165,12.679384
229166,12.693978
229168,14.549502
229169,14.092324
229170,14.0259695
229172,11.510195
229175,11.306655
229179,11.949789
229180,11.996516
229181,12.225019
229182,11.224056
229183,11.224056
229184,11.603549
229185,12.18141
229186,11.709295
229187,12.18141
229188,11.5562935
229189,11.5562935
229191,12.546497
229192,12.728946
229193,12.579115
229194,14.091454
229195,12.773197
229196,12.679073
229197,11.306655
229198,11.306655
229200,11.949789
229201,11.996516
229202,12.225019
229203,11.224056
229206,12.18141
229207,11.709295
229208,11.791207
229209,11.5562935
229212,12.728946
229213,12.579115
229216,13.854265
229219,11.306655
229220,11.211775
229223,11.949789
229224,11.996516
229225,12.225019
229226,11.224056
229229,12.18141
229230,11.709295
229231,12.18141
229232,11.5562935
229233,11.5562935
229235,12.546497
229236,12.728946
229237,12.579115
229238,14.119223
229239,13.948389
229240,13.882034
229242,11.505007
229243,12.012304
229244,11.5562935
229247,11.949789
229248,11.996516
229249,12.225019
229251,11.603549
229252,12.18141
229253,11.902865
229254,11.791207
229255,12.546497
229256,12.693978
229259,13.948389
229264,11.173955
229265,11.949789
229266,11.996516
229267,12.225019
229268,11.224056
229270,12.18141
229271,11.902865
229272,11.791207
229275,12.546497
229276,12.693978
229279,12.706842
229280,11.949789
229281,11.949789
229282,11.211775
229284,12.225019
229285,12.271747
229286,12.225019
229289,12.18141
229290,11.902865
229291,12.18141
229292,11.505007
229294,12.679384
229295,12.693978
229296,12.5441475
229297,14.549502
229298,12.917132
229299,14.0259695
229300,11.510195
229302,15.085687
229303,15.085687
229304,11.854909
229306,12.225019
229307,12.271747
229308,12.225019
229312,12.18141
229313,11.902865
229314,12.18141
229315,12.679384
229316,12.693978
229317,12.5441475
229318,14.549502
229320,14.0259695
229321,11.306655
229322,11.306655
229325,11.996516
229326,12.225019
229330,12.18141
229331,11.709295
229332,11.791207
229333,11.5562935
229334,11.5562935
229335,12.546497
229336,12.728946
229337,12.579115
229339,14.13056
229340,14.064205
229343,14.442553
229344,14.442553
229345,12.708418
229347,11.949789
229348,11.996516
229349,12.225019
229350,11.224056
229351,11.224056
229352,11.603549
229353,12.18141
229354,11.902865
229355,12.18141
229356,11.5562935
229357,11.5562935
229359,12.546497
229360,12.693978
229361,12.5441475
229362,14.091454
229363,13.92062
229364,13.854265
229365,10.220067
229367,11.306655
229368,11.306655
229371,11.996516
229372,12.225019
229376,12.18141
229377,11.709295
229378,12.18141
229381,12.728946
229382,12.579115
229385,13.882034
229386,14.442553
229387,14.442553
229388,13.351552
229390,12.225019
229391,12.271747
229392,12.225019
229396,12.18141
229397,11.709295
229398,12.18141
229399,11.5562935
229400,11.5562935
229401,12.679384
229402,12.693978
229403,12.5441475
229404,14.549502
229405,12.917132
229406,14.0259695
229408,11.510195
229413,11.949789
229414,11.949789
229415,13.351552
229418,12.225019
229419,12.271747
229420,12.225019
229421,11.224056
229424,12.18141
229425,11.902865
229426,12.298525
229429,12.679384
229430,12.693978
229431,12.5441475
229433,14.092324
229434,14.0259695
229435,13.355309
229437,11.306655
229438,11.306655
229439,11.211775
229441,11.949789
229442,11.996516
229443,12.225019
229444,11.224056
229445,11.224056
229446,11.603549
229447,12.18141
229448,11.709295
229449,12.18141
229450,11.5562935
229451,11.5562935
229452,12.546497
229453,12.728946
229454,12.579115
229455,14.091454
229456,13.92062
229457,13.882034
229458,10.220067
229459,11.505007
229461,11.5562935
229462,11.306655
229463,11.306655
229465,11.949789
229466,11.996516
229467,12.225019
229468,11.224056
229470,11.603549
229471,12.18141
229472,11.709295
229473,12.18141
229474,12.546497
229475,12.728946
229476,12.579115
229478,12.773197
229479,13.882034
229480,11.949789
229488,12.693978
229491,11.949789
229492,11.949789
229493,11.854909
229495,12.225019
229496,12.271747
229497,12.225019
229499,12.18141
229500,11.902865
229501,12.18141
229502,11.505007
229504,12.679384
229505,12.693978
229506,12.5441475
229509,14.0259695
229511,11.510195
229512,11.306655
229513,11.306655
229514,11.949789
229515,11.996516
229516,12.225019
229517,11.603549
229518,12.18141
229519,11.709295
229520,12.18141
229521,11.5562935
229522,11.5562935
229523,12.546497
229524,12.728946
229525,12.579115
229526,13.420561
229527,14.13056
229528,14.064205
229531,12.012304
229532,11.5562935
229533,11.949789
229534,11.949789
229535,11.854909
229538,11.949789
229539,12.271747
229540,12.225019
229543,11.603549
229544,12.18141
229545,11.902865
229546,12.18141
229547,11.5562935
229551,12.679384
229552,12.693978
229553,12.644899
229555,12.917132
229556,12.850778
229558,11.510195
229559,11.730246
229561,11.306655
229563,11.949789
229564,11.996516
229566,11.224056
229568,12.18141
229569,11.709295
229570,11.791207
229571,12.546497
229572,12.728946
229573,12.579115
229579,11.949789
229580,11.949789
229581,11.854909
229583,11.949789
229584,11.996516
229585,12.225019
229589,12.18141
229590,11.902865
229591,12.18141
229594,12.679384
229595,12.693978
229597,13.463664
229599,12.850778
229600,11.510195
229602,11.949789
229603,11.306655
229604,11.854909
229605,12.225019
229606,12.271747
229607,12.225019
229609,12.18141
229610,11.902865
229611,12.18141
229612,11.5562935
229613,12.899298
229614,12.679384
229615,12.693978
229616,12.5441475
229618,12.917132
229619,14.0259695
229620,10.220067
229621,11.510195
229624,11.996516
229629,12.18141
229632,15.668055
229633,12.728946
229634,12.579115
229637,12.706842
229639,11.306655
229640,11.211775
229642,11.458864
229643,11.949789
229644,11.996516
229645,12.225019
229646,11.224056
229647,11.224056
229649,12.18141
229650,11.902865
229651,12.18141
229652,11.5562935
229653,11.5562935
229656,12.546497
229657,12.693978
229658,12.5441475
229660,14.13056
229661,14.064205
229665,11.306655
229667,11.153668
229668,11.949789
229669,11.996516
229670,12.225019
229672,11.224056
229673,11.603549
229674,12.18141
229675,11.902865
229676,12.18141
229678,11.498187
229679,12.546497
229680,12.693978
229681,12.5441475
229684,15.085687
229685,15.085687
229686,11.7968025
229689,12.225019
229690,12.271747
229691,12.225019
229694,11.603549
229695,12.18141
229696,11.902865
229697,12.18141
229698,11.498187
229699,11.498187
229700,12.679384
229701,12.693978
229702,12.5441475
229704,14.034218
229705,14.0259695
229707,11.452088
229710,11.306655
229711,11.306655
229712,11.153668
229715,11.949789
229716,11.996516
229717,12.225019
229718,11.224056
229719,11.224056
229720,11.603549
229721,12.18141
229722,11.709295
229723,12.18141
229724,11.498187
229725,11.498187
229727,12.728946
229728,12.579115
229729,12.975278
229730,13.862514
229731,12.679073
229733,14.398702
229734,11.262804
229735,11.1098175
229736,11.905938
229737,11.952665
229738,12.181169
229739,11.180205
229740,11.180205
229741,11.559698
229742,12.137559
229743,11.665444
229744,12.137559
229745,11.454336
229746,11.454336
229747,12.502646
229748,12.685095
229749,12.535264
229751,14.028603
229752,12.845162
229754,11.403049
229755,11.262804
229756,11.262804
229758,11.905938
229759,11.952665
229760,12.181169
229763,12.137559
229764,11.8590145
229765,12.137559
229768,12.537614
229769,12.650127
229773,13.838183
229774,11.403049
229775,13.449538
229776,12.79734
229777,11.262804
229778,11.262804
229779,11.1098175
229780,11.905938
229781,11.952665
229782,12.181169
229783,11.180205
229784,11.180205
229785,11.559698
229786,12.137559
229787,11.8590145
229788,12.137559
229790,11.454336
229791,12.502646
229792,12.650127
229793,12.500297
229796,13.810414
229797,11.403049
229799,11.454336
229800,15.041836
229801,15.041836
229802,11.752952
229804,12.181169
229805,12.227896
229806,12.181169
229809,11.559698
229810,12.137559
229811,11.8590145
229812,12.137559
229813,12.635533
229814,12.685095
229819,11.905938
229820,11.905938
229821,12.181169
229822,12.227896
229823,12.181169
229826,12.137559
229827,11.8590145
229828,11.747356
229831,12.635533
229832,12.650127
229836,11.408237
229837,11.905938
229838,11.905938
229839,11.752952
229841,12.181169
229842,12.227896
229843,12.181169
229844,12.137559
229845,11.8590145
229846,12.137559
229849,12.635533
229850,12.650127
229851,12.500297
229853,13.990367
229854,13.982119
229855,11.408237
229856,12.106534
229859,11.262804
229860,11.262804
229861,11.905938
229862,11.952665
229867,12.137559
229868,11.665444
229870,12.502646
229871,12.685095
229872,12.535264
229875,11.262804
229876,11.262804
229877,11.905938
229879,12.181169
229881,12.137559
229882,11.665444
229883,12.137559
229884,11.403049
229885,11.454336
229886,12.502646
229887,12.685095
229888,12.535264
229891,14.020354
229893,12.106534
229895,11.262804
229896,14.398702
229897,12.606461
229898,11.071998
229900,11.905938
229901,11.952665
229902,12.181169
229903,11.047318
229905,11.559698
229906,12.137559
229907,11.665444
229908,12.137559
229910,11.454336
229911,12.502646
229912,12.685095
229913,12.535264
229915,13.846432
229916,13.838183
229919,11.262804
229924,11.952665
229925,12.181169
229926,11.180205
229927,11.180205
229928,11.559698
229929,12.137559
229930,11.8590145
229931,12.137559
229932,12.502646
229933,12.650127
229937,13.810414
229938,11.262804
229939,11.262804
229940,11.1098175
229941,11.905938
229942,11.952665
229943,12.181169
229944,11.180205
229945,11.559698
229946,12.254674
229947,11.665444
229948,11.747356
229949,11.454336
229952,12.685095
229953,12.535264
229956,13.838183
229958,11.262804
229959,11.262804
229962,11.905938
229963,11.952665
229964,12.181169
229965,11.180205
229966,11.180205
229967,11.559698
229968,12.137559
229969,11.8590145
229970,12.137559
229971,11.454336
229972,11.454336
229973,12.502646
229974,12.650127
229975,12.500297
229977,13.818663
229978,13.838183
229979,11.403049
229980,11.905938
229981,11.905938
229982,11.1098175
229984,11.905938
229985,11.952665
229986,12.181169
229989,11.559698
229990,12.137559
229991,11.8590145
229992,12.137559
229995,12.635533
229996,12.650127
230000,12.806927
230004,11.262804
230005,11.262804
230006,11.1098175
230008,11.905938
230009,11.952665
230010,12.181169
230013,12.137559
230014,11.8590145
230015,12.137559
230016,11.454336
230017,11.403049
230018,12.502646
230019,12.650127
230023,12.662992
230025,11.262804
230026,11.262804
230028,11.071998
230029,11.905938
230030,11.952665
230031,12.181169
230034,12.137559
230035,11.8590145
230036,11.747356
230038,12.502646
230039,12.650127
230040,12.500297
230043,12.662992
230046,11.262804
230047,11.262804
230048,11.1098175
230050,11.905938
230051,11.952665
230052,12.181169
230053,11.180205
230054,11.180205
230055,11.559698
230056,12.137559
230057,11.8590145
230058,12.137559
230059,11.454336
230061,12.502646
230062,12.650127
230063,12.500297
230064,13.989496
230065,13.846432
230066,13.810414
230068,11.905938
230069,11.905938
230072,12.181169
230073,12.227896
230074,12.181169
230076,12.137559
230077,11.8590145
230078,12.137559
230081,12.635533
230085,12.806927
230088,14.667288
230089,14.024154
230090,12.839353
230092,11.806621
230093,11.853348
230094,11.806621
230098,11.727317
230099,11.448772
230100,11.727317
230101,12.225291
230102,12.239885
230103,12.0900545
230106,13.571877
230108,11.905938
230109,11.905938
230110,11.752952
230113,12.181169
230114,12.227896
230115,12.181169
230117,12.137559
230118,11.8590145
230119,12.137559
230120,11.454336
230121,12.79734
230123,12.635533
230124,12.650127
230125,12.500297
230126,14.447545
230127,13.990367
230128,12.806927
230129,10.23592
230130,11.408237
230133,15.041836
230134,15.041836
230135,13.249595
230136,10.931919
230138,12.181169
230139,12.227896
230140,12.181169
230144,12.137559
230145,11.8590145
230146,12.137559
230147,11.454336
230148,11.454336
230150,12.635533
230151,12.650127
230152,12.500297
230153,14.447545
230154,12.815175
230155,13.982119
230157,12.815529
230161,11.262804
230162,11.262804
230163,11.074123
230164,10.393169
230165,11.905938
230166,11.952665
230167,12.181169
230170,12.101865
230171,11.62975
230172,12.101865
230173,11.418642
230174,12.466952
230176,12.49957
230179,12.599528
230181,11.059123
230182,11.059123
230184,11.53139
230185,11.578117
230186,11.806621
230189,11.844432
230190,14.243873
230191,11.727317
230194,12.092404
230195,12.274853
230196,12.125022
230198,13.538621
230199,13.558142
230200,11.53139
230203,11.853348
230205,11.727317
230207,11.727317
230209,12.239885
230213,11.773652
230214,11.773652
230215,11.584971
230216,12.0488825
230217,12.09561
230218,12.0488825
230222,11.969579
230223,11.691034
230224,11.969579
230225,12.5780735
230226,11.286356
230227,12.467553
230228,12.398161
230230,14.279565
230231,12.647195
230232,13.814138
230234,11.773652
230235,11.773652
230238,12.0488825
230239,12.09561
230242,11.969579
230243,11.691034
230244,11.969579
230247,12.467553
230248,12.482147
230249,12.332316
230252,13.814138
230255,11.773652
230256,11.773652
230257,11.584971
230259,12.0488825
230260,12.09561
230261,12.0488825
230264,11.969579
230265,11.691034
230266,11.969579
230267,11.286356
230269,12.467553
230270,12.126912
230271,12.332316
230273,13.822387
230274,13.814138
230276,11.240257
230277,14.437283
230282,11.820379
230283,12.0488825
230286,11.391718
230287,12.086694
230288,11.364577
230289,11.579376
230290,11.286356
230292,12.334666
230294,12.367284
230296,13.780883
230299,11.401451
230300,11.401451
230303,11.920445
230304,12.148949
230305,12.069645
230306,11.7911005
230307,11.679442
230308,11.386422
230309,11.386422
230310,12.434732
230311,12.582213
230312,12.432383
230314,14.055684
230315,14.047436
230316,11.340323
230317,11.401451
230318,11.401451
230322,11.873718
230323,11.920445
230324,12.148949
230325,11.147985
230326,11.147985
230327,11.491784
230328,12.069645
230329,11.7911005
230330,12.069645
230333,12.434732
230334,12.582213
230335,12.432383
230338,11.873718
230339,11.873718
230340,11.685038
230341,11.757906
230342,11.288993
230343,12.148949
230344,12.195676
230345,12.148949
230347,11.147985
230348,11.491784
230349,12.069645
230350,11.858327
230351,12.069645
230352,11.386422
230353,11.386422
230356,12.567619
230357,12.582213
230358,12.432383
230360,13.989679
230361,13.981431
230362,10.4925165
230363,11.340323
230364,12.033728
230366,11.873718
230367,11.873718
230368,11.685038
230370,12.148949
230371,12.195676
230372,12.148949
230373,11.147985
230376,12.069645
230377,11.858327
230378,12.069645
230379,12.567619
230380,12.582213
230381,12.432383
230383,13.989679
230384,13.981431
230385,11.873718
230386,11.873718
230387,11.685038
230388,12.148949
230389,12.195676
230390,12.148949
230394,12.069645
230395,11.858327
230396,12.069645
230397,12.567619
230398,12.582213
230402,13.981431
230403,11.340323
230405,11.873718
230406,11.873718
230407,11.685038
230410,12.148949
230411,12.195676
230412,12.148949
230413,11.147985
230416,12.069645
230417,11.858327
230418,12.069645
230419,11.386422
230423,12.567619
230424,12.582213
230425,12.432383
230427,13.989679
230428,13.981431
230429,11.340323
230432,11.401451
230433,11.401451
230434,11.21277
230435,11.873718
230436,11.920445
230437,12.148949
230438,11.147985
230439,11.147985
230440,11.491784
230441,12.069645
230442,11.59753
230443,12.069645
230444,11.386422
230445,11.386422
230447,12.434732
230448,12.617181
230449,12.46735
230451,14.055684
230452,12.844475
230453,10.4925165
230455,11.401451
230459,11.920445
230460,12.148949
230461,11.147985
230462,11.147985
230463,12.069645
230464,11.59753
230465,12.069645
230466,11.272204
230467,12.434732
230468,12.617181
230469,12.46735
230472,14.047436
230474,14.537349
230475,14.537349
230477,11.873718
230478,11.920445
230479,12.148949
230481,11.147985
230483,12.069645
230484,14.690657
230485,11.679442
230487,12.434732
230488,12.582213
230489,12.432383
230492,11.401451
230493,11.401451
230494,11.098553
230496,11.873718
230497,11.920445
230498,12.148949
230499,11.147985
230500,11.147985
230501,11.491784
230502,12.069645
230503,11.7911005
230504,12.069645
230505,11.272204
230506,11.272204
230507,12.434732
230508,12.582213
230509,12.46735
230511,12.852723
230512,12.872244
230514,15.009616
230515,15.009616
230516,11.57082
230517,12.148949
230518,12.195676
230519,12.148949
230521,11.491784
230522,12.069645
230523,11.858327
230524,12.069645
230525,11.272204
230526,11.272204
230527,12.567619
230528,12.498227
230531,13.989679
230532,13.981431
230538,12.164082
230539,12.164082
230540,11.861183
230541,12.439312
230542,12.486039
230543,12.439312
230547,12.360008
230548,12.14869
230549,12.360008
230550,12.857983
230551,12.872577
230554,14.271794
230555,11.516469
230556,12.606629
230557,12.606629
230558,12.303731
230559,12.88186
230560,12.928587
230561,12.88186
230565,12.802556
230566,12.591238
230567,15.938454
230568,16.422089
230569,13.3151245
230570,13.165294
230572,14.72259
230573,14.714342
230576,12.134362
230577,12.606629
230578,12.653357
230579,12.88186
230580,11.78692
230583,12.802556
230584,12.330441
230585,12.802556
230586,12.0051155
230587,12.0051155
230588,13.167644
230589,13.350092
230590,13.200261
230591,14.959429
230592,14.788595
230593,14.752578
230595,11.953829
230597,12.780201
230598,12.780201
230599,13.973946
230602,12.780201
230603,13.102159
230604,13.055431
230607,12.976128
230608,12.76481
230609,12.976128
230610,12.178687
230611,12.178687
230613,13.474102
230614,13.40471
230615,13.338865
230617,14.896162
230618,14.887914
230620,12.132588
230623,12.307934
230624,12.307934
230625,12.005035
230627,12.780201
230628,12.826928
230629,13.055431
230633,12.976128
230634,12.697583
230635,12.976128
230636,12.178687
230637,12.178687
230638,13.341215
230639,13.488696
230640,13.338865
230643,14.953918
230644,12.1274
230645,12.830885
230646,11.6454935
230647,12.288628
230648,12.4604025
230649,12.335355
230650,12.4604025
230654,12.382328
230655,12.103784
230658,12.974071
230659,12.745066
230662,12.138426
230663,12.138426
230664,11.997637
230667,12.138426
230668,12.185153
230669,12.310201
230672,11.654265
230673,12.232126
230674,11.953582
230675,12.42185
230676,11.561101
230677,12.898056
230678,12.730101
230679,12.739882
230680,12.594864
230682,14.129318
230683,12.893821
230684,11.549467
230687,11.495292
230688,11.495292
230689,11.178764
230690,10.49781
230692,12.138426
230693,12.185153
230694,12.310201
230695,11.274773
230696,11.274773
230697,11.654265
230698,12.232126
230699,11.953582
230700,12.232126
230701,11.385363
230702,11.385363
230703,12.597214
230704,12.823869
230705,12.594864
230706,13.942243
230707,13.947147
230708,12.71165
230710,11.5238
230711,11.841373
230712,11.385363
230713,11.6454935
230714,11.6454935
230717,12.335355
230718,12.4604025
230719,11.424974
230720,11.424974
230722,12.572052
230723,11.910213
230724,11.9921255
230725,11.535564
230726,11.535564
230728,12.747416
230729,13.009038
230730,12.780033
230732,14.097349
230733,14.030994
230735,11.674002
230736,13.32853
230737,12.8725195
230738,15.629355
230739,15.629355
230740,11.9721
230741,11.291146
230743,12.221262
230744,12.393032
230745,11.738658
230749,11.359066
230750,12.216239
230751,12.2888775
230752,11.535564
230753,11.535564
230755,12.826039
230756,12.947537
230757,12.693152
230758,13.481171
230759,13.110377
230760,14.213165
230761,10.237821
230762,11.523931
230764,11.253506
230765,15.424525
230766,12.288628
230768,12.4604025
230769,12.50713
230770,12.4604025
230773,11.804467
230774,12.382328
230775,12.103784
230776,12.382328
230777,11.535564
230778,11.535564
230779,12.880302
230780,12.974071
230783,14.27952
230784,14.213165
230788,12.138426
230789,12.138426
230790,11.997637
230791,11.176604
230793,12.310201
230794,12.356928
230795,12.310201
230797,12.232126
230798,11.953582
230799,12.232126
230800,11.561101
230801,11.561101
230803,12.730101
230804,12.823869
230806,14.586496
230807,14.129318
230808,14.0629635
230810,11.549467
230813,11.495292
230817,12.138426
230818,12.185153
230819,12.310201
230820,11.274773
230821,11.274773
230822,11.654265
230823,12.42185
230824,11.760012
230825,11.841924
230826,11.561101
230827,11.561101
230829,12.597214
230830,12.858836
230831,12.629831
230832,14.117981
230833,13.947147
230834,12.71165
230835,11.495292
230836,11.495292
230838,12.138426
230839,12.185153
230840,12.310201
230841,11.274773
230844,12.42185
230845,11.760012
230846,12.42185
230847,11.561101
230850,12.858836
230851,12.629831
230854,13.880793
230857,11.495292
230858,11.354503
230861,12.138426
230862,12.185153
230863,12.310201
230864,11.274773
230867,12.42185
230868,11.760012
230869,12.232126
230870,11.561101
230871,11.561101
230873,12.597214
230874,12.858836
230875,12.629831
230876,14.117981
230877,13.947147
230878,13.880793
230880,11.699538
230881,12.017112
230882,11.561101
230885,12.138426
230886,12.185153
230887,12.310201
230889,11.654265
230890,12.232126
230891,11.953582
230892,11.841924
230893,12.597214
230894,12.823869
230897,13.947147
230902,10.673549
230903,12.138426
230904,12.185153
230905,12.310201
230906,11.274773
230908,12.232126
230909,11.760012
230910,12.42185
230913,12.597214
230914,12.823869
230917,12.71165
230918,12.138426
230919,12.138426
230920,11.997637
230922,12.310201
230923,12.356928
230924,12.310201
230927,12.232126
230928,11.953582
230929,12.42185
230930,11.561101
230932,12.730101
230933,12.823869
230934,12.594864
230935,14.586496
230936,14.129318
230937,12.893821
230938,11.549467
230940,15.274323
230941,15.274323
230942,11.997637
230944,12.310201
230945,12.356928
230946,12.310201
230950,12.232126
230951,11.953582
230952,12.232126
230953,12.730101
230954,12.823869
230955,12.594864
230956,14.586496
230958,14.0629635
230959,11.495292
230960,11.495292
230963,12.185153
230964,12.310201
230968,12.42185
230969,11.760012
230970,12.232126
230971,11.561101
230972,11.561101
230973,12.597214
230974,12.858836
230975,12.629831
230977,14.129318
230978,14.0629635
230981,14.631189
230982,14.631189
230983,12.845097
230985,12.138426
230986,12.185153
230987,12.310201
230988,11.274773
230989,11.274773
230990,11.654265
230991,12.232126
230992,11.953582
230993,11.841924
230994,11.561101
230995,11.561101
230997,12.597214
230998,12.823869
230999,12.594864
231000,14.117981
231001,12.778005
231002,12.71165
231003,10.26311
231005,11.495292
231006,11.495292
231010,12.185153
231011,12.310201
231015,12.42185
231016,11.760012
231017,11.841924
231020,13.04856
231021,12.629831
231024,13.880793
231025,14.631189
231026,14.631189
231027,13.488231
231029,12.310201
231030,12.356928
231031,12.310201
231035,12.232126
231036,11.953582
231037,12.232126
231038,11.561101
231039,11.561101
231040,12.730101
231041,12.823869
231042,12.594864
231043,14.586496
231044,14.129318
231045,12.893821
231047,11.549467
231052,15.274323
231053,15.274323
231054,11.997637
231057,12.310201
231058,12.356928
231059,12.310201
231060,11.274773
231063,12.42185
231064,11.953582
231065,12.42185
231068,12.730101
231069,12.823869
231070,12.594864
231072,14.129318
231073,12.893821
231074,13.354067
231076,11.495292
231077,11.495292
231078,11.354503
231080,12.138426
231081,12.185153
231082,12.310201
231083,11.274773
231084,11.274773
231085,11.654265
231086,12.383706
231087,11.760012
231088,12.232126
231089,11.561101
231090,11.561101
231091,12.597214
231092,12.858836
231093,12.629831
231094,13.038192
231095,12.778005
231096,12.71165
231097,10.26311
231098,11.699538
231100,11.561101
231101,11.495292
231102,11.495292
231104,12.138426
231105,12.185153
231106,12.310201
231107,11.141886
231109,11.654265
231110,12.42185
231111,11.760012
231112,11.841924
231113,12.597214
231114,12.858836
231115,12.629831
231117,13.947147
231118,13.880793
231119,12.138426
231127,12.823869
231131,12.138426
231132,12.138426
231133,11.997637
231135,12.310201
231136,12.356928
231137,12.310201
231139,12.232126
231140,11.953582
231141,12.232126
231142,11.561101
231144,12.730101
231145,12.823869
231146,12.594864
231149,12.893821
231151,11.549467
231152,11.495292
231153,11.495292
231154,12.138426
231155,12.185153
231156,12.310201
231157,11.654265
231158,12.42185
231159,11.760012
231160,12.42185
231161,11.561101
231162,11.561101
231163,12.597214
231164,12.858836
231165,12.629831
231166,14.505157
231167,14.129318
231168,14.0629635
231170,12.017112
231171,11.561101
231172,12.138426
231173,12.138426
231174,11.997637
231177,12.310201
231178,12.356928
231179,12.310201
231182,11.654265
231183,12.232126
231184,11.953582
231185,12.232126
231186,11.561101
231190,12.730101
231191,12.823869
231192,12.819555
231194,14.129318
231195,14.0629635
231197,11.549467
231198,11.735053
231200,11.495292
231202,12.138426
231203,12.185153
231205,11.274773
231207,12.42185
231208,11.760012
231209,11.841924
231210,12.597214
231211,12.858836
231212,12.629831
231218,11.495292
231219,12.138426
231220,11.997637
231222,12.138426
231223,12.356928
231224,12.310201
231228,12.232126
231229,11.953582
231230,12.42185
231233,12.730101
231234,12.739882
231236,14.586496
231238,14.0629635
231239,11.549467
231241,12.138426
231242,11.495292
231243,11.997637
231244,12.310201
231245,12.356928
231246,12.310201
231248,12.232126
231249,11.953582
231250,12.232126
231251,11.561101
231252,12.898056
231253,12.730101
231254,12.823869
231255,12.594864
231257,14.129318
231258,14.0629635
231259,10.26311
231260,11.549467
231263,12.185153
231268,12.42185
231271,15.718771
231272,12.858836
231273,12.629831
231276,12.71165
231278,11.495292
231279,11.354503
231281,10.958458
231282,12.138426
231283,12.185153
231284,12.310201
231285,11.274773
231286,11.274773
231288,12.232126
231289,11.953582
231290,12.232126
231291,11.561101
231292,11.561101
231295,12.597214
231296,12.823869
231297,12.594864
231299,14.129318
231300,14.0629635
231304,11.495292
231306,11.413313
231307,12.138426
231308,12.185153
231309,12.310201
231311,11.274773
231312,11.5213785
231313,12.232126
231314,11.953582
231315,11.841924
231317,11.619911
231318,12.597214
231319,12.823869
231320,12.594864
231323,15.274323
231324,15.274323
231325,12.056447
231328,12.310201
231329,12.356928
231330,12.310201
231333,11.654265
231334,12.232126
231335,11.953582
231336,12.232126
231337,11.619911
231338,11.619911
231339,12.730101
231340,12.739882
231341,12.594864
231343,14.188128
231344,14.0629635
231346,11.608277
231349,11.495292
231350,11.495292
231351,11.413313
231354,12.138426
231355,12.185153
231356,12.310201
231357,11.274773
231358,11.274773
231359,11.654265
231360,12.383706
231361,11.760012
231362,12.232126
231363,11.619911
231364,11.619911
231366,13.04856
231367,12.629831
231368,14.149022
231369,13.9781885
231370,12.683881
231372,14.587338
231373,11.451441
231374,11.369462
231375,12.094575
231376,12.141302
231377,12.26635
231378,11.230922
231379,11.230922
231380,11.6104145
231381,12.377999
231382,11.716161
231383,12.188275
231384,11.57606
231385,11.57606
231386,12.553363
231387,12.814985
231388,12.58598
231390,14.144278
231391,12.84997
231393,11.714498
231394,11.451441
231395,11.451441
231397,12.094575
231398,12.141302
231399,12.26635
231402,12.188275
231403,11.909731
231404,11.798073
231407,12.553363
231408,12.780018
231412,13.836942
231413,11.714498
231414,12.228258
231415,11.57606
231416,11.451441
231417,11.451441
231418,11.369462
231419,12.094575
231420,12.141302
231421,12.26635
231422,11.230922
231423,11.230922
231424,11.6104145
231425,12.188275
231426,11.909731
231427,12.188275
231429,11.57606
231430,12.553363
231431,12.780018
231432,12.551013
231435,13.836942
231436,11.714498
231438,11.57606
231439,12.094575
231440,15.230473
231441,12.012596
231443,12.26635
231444,12.313077
231445,12.26635
231448,11.6104145
231449,12.188275
231450,11.909731
231451,12.188275
231452,12.68625
231453,12.780018
231458,12.094575
231459,12.094575
231460,12.26635
231461,12.313077
231462,12.26635
231465,12.377999
231466,11.909731
231467,11.798073
231469,12.68625
231470,12.780018
231474,11.564426
231475,12.094575
231476,12.094575
231477,12.012596
231479,12.26635
231480,12.313077
231481,12.26635
231482,12.188275
231483,11.909731
231484,12.188275
231487,12.68625
231488,12.780018
231489,12.551013
231491,12.975135
231492,14.019113
231493,11.564426
231494,12.228258
231497,11.451441
231498,11.451441
231499,12.094575
231500,12.141302
231505,12.377999
231506,11.716161
231508,12.553363
231509,12.814985
231510,12.58598
231513,11.451441
231514,11.451441
231515,12.094575
231517,12.26635
231519,12.377999
231520,11.716161
231521,12.377999
231522,11.57606
231523,11.57606
231524,12.553363
231525,12.814985
231526,12.58598
231529,12.84997
231531,12.228258
231533,11.451441
231534,14.587338
231535,12.860056
231536,11.191564
231538,12.094575
231539,12.141302
231540,12.26635
231541,11.230922
231543,11.6104145
231544,12.377999
231545,11.716161
231546,12.188275
231548,11.57606
231549,12.553363
231550,12.814985
231551,12.58598
231553,13.962107
231554,13.836942
231557,11.451441
231562,12.141302
231563,12.26635
231564,12.304494
231565,11.230922
231566,11.477528
231567,12.188275
231568,11.909731
231569,11.798073
231570,12.553363
231571,12.780018
231575,13.836942
231576,11.451441
231577,11.451441
231578,11.369462
231579,12.094575
231580,12.141302
231581,12.26635
231582,11.230922
231583,11.6104145
231584,12.339855
231585,11.716161
231586,11.798073
231587,11.57606
231590,12.814985
231591,12.58598
231594,13.809173
231596,11.451441
231597,11.451441
231600,12.094575
231601,12.141302
231602,12.26635
231603,11.230922
231604,11.230922
231605,11.6104145
231606,12.188275
231607,11.909731
231608,12.188275
231609,11.57606
231610,11.57606
231611,12.553363
231612,12.780018
231613,12.551013
231615,12.765195
231616,13.836942
231617,11.714498
231618,12.094575
231619,12.094575
231620,11.369462
231622,12.094575
231623,12.313077
231624,12.26635
231627,11.6104145
231628,12.188275
231629,11.909731
231630,12.188275
231633,12.68625
231634,12.424783
231638,14.019113
231642,11.451441
231643,11.451441
231644,11.369462
231646,12.094575
231647,12.141302
231648,12.26635
231651,12.188275
231652,11.909731
231653,12.377999
231654,11.57606
231655,11.57606
231656,12.553363
231657,12.780018
231661,13.836942
231663,11.451441
231664,11.451441
231666,11.191564
231667,12.094575
231668,12.141302
231669,12.26635
231672,12.188275
231673,11.909731
231674,12.377999
231676,12.553363
231677,12.780018
231678,12.551013
231681,13.836942
231684,11.451441
231685,11.451441
231686,11.369462
231688,12.094575
231689,12.141302
231690,12.26635
231691,11.230922
231692,11.230922
231693,11.6104145
231694,12.188275
231695,11.909731
231696,12.377999
231697,11.57606
231699,12.553363
231700,12.780018
231701,12.551013
231702,13.025382
231703,13.934338
231704,13.809173
231706,12.094575
231707,12.094575
231710,12.26635
231711,12.313077
231712,12.26635
231714,12.188275
231715,11.909731
231716,11.798073
231719,12.68625
231723,12.84997
231726,14.855925
231727,14.2127905
231728,11.602354
231730,11.891802
231731,11.938529
231732,11.891802
231736,11.778033
231737,11.499489
231738,11.778033
231739,12.276008
231740,12.404743
231741,12.140771
231744,13.6088705
231746,12.094575
231747,12.094575
231748,12.012596
231751,12.26635
231752,12.313077
231753,12.26635
231755,12.188275
231756,11.909731
231757,12.377999
231758,12.913015
231759,11.57606
231761,12.68625
231762,12.780018
231763,12.551013
231764,13.521667
231765,14.144278
231766,14.019113
231767,10.39588
231768,11.564426
231771,12.094575
231772,15.230473
231773,13.50319
231774,11.191564
231776,12.26635
231777,12.313077
231778,12.26635
231782,12.188275
231783,11.909731
231784,12.188275
231785,11.57606
231786,11.524774
231788,12.68625
231789,12.780018
231790,12.551013
231791,13.521667
231792,14.144278
231793,14.019113
231795,12.965669
231799,11.451441
231800,11.451441
231801,11.333768
231802,10.652814
231803,12.094575
231804,12.141302
231805,12.26635
231808,12.342305
231809,11.680467
231810,11.762379
231811,11.540366
231812,12.517669
231814,12.550286
231817,13.801248
231819,11.24776
231820,11.24776
231822,11.720027
231823,11.766754
231824,11.891802
231827,11.967757
231828,14.294589
231829,11.967757
231832,12.143121
231833,12.404743
231834,12.175738
231836,13.682065
231837,12.387757
231838,11.720027
231841,11.938529
231843,11.778033
231845,11.387831
231847,12.369776
231851,11.962289
231852,11.962289
231853,11.844616
231854,12.134064
231855,12.180791
231856,12.134064
231860,12.020295
231861,11.741751
231862,12.020295
231863,12.745035
231864,11.40808
231865,12.51827
231866,12.528051
231868,14.4334755
231869,13.976297
231870,13.851132
231873,11.962289
231874,11.962289
231877,12.134064
231878,12.180791
231881,12.020295
231882,11.741751
231883,11.630093
231886,12.51827
231887,12.612038
231888,12.383033
231891,13.851132
231894,11.962289
231895,11.962289
231896,11.844616
231898,12.134064
231899,12.180791
231900,12.134064
231903,12.020295
231904,11.741751
231905,12.020295
231906,12.745035
231908,12.51827
231909,12.256803
231910,12.383033
231912,13.976297
231913,12.68199
231915,11.396446
231916,14.625919
231921,12.009016
231922,12.134064
231925,11.442434
231926,12.171875
231927,11.415294
231928,12.020295
231929,11.40808
231931,12.385383
231933,12.418
231935,13.896558
231938,11.535149
231939,11.535149
231942,12.054143
231943,12.179191
231945,12.065422
231946,11.786878
231947,11.67522
231948,11.453207
231949,11.453207
231950,12.43051
231951,12.657165
231952,12.42816
231954,14.171359
231955,14.046194
231957,11.591644
231958,11.535149
231959,11.535149
231963,12.007416
231964,12.054143
231965,12.179191
231966,11.143763
231967,11.143763
231968,11.487561
231969,12.065422
231970,11.786878
231971,12.217002
231974,12.43051
231975,12.657165
231976,12.42816
231979,12.007416
231980,12.007416
231981,11.889743
231982,11.962611
231983,11.493698
231984,12.179191
231985,12.225918
231986,12.179191
231988,11.143763
231989,11.487561
231990,12.065422
231991,11.909043
231992,12.065422
231993,11.453207
231994,11.453207
231997,12.563396
231998,12.657165
231999,12.42816
232001,14.14359
232002,14.018425
232003,10.652476
232004,11.441573
232005,12.155452
232007,12.007416
232008,12.007416
232009,11.889743
232011,12.179191
232012,12.225918
232013,12.179191
232014,11.143763
232017,12.065422
232018,11.909043
232019,12.065422
232020,12.563396
232021,12.657165
232022,12.42816
232024,14.14359
232025,14.018425
232026,12.007416
232027,12.007416
232028,11.889743
232029,12.179191
232030,12.225918
232031,12.179191
232035,12.065422
232036,11.909043
232037,11.67522
232038,12.563396
232039,12.657165
232043,12.849282
232044,11.441573
232046,12.007416
232047,12.007416
232048,11.246609
232051,12.179191
232052,12.225918
232053,12.179191
232054,11.143763
232057,12.065422
232058,11.909043
232059,12.065422
232060,11.453207
232064,12.563396
232065,12.657165
232066,12.42816
232068,14.14359
232069,14.018425
232070,11.441573
232073,11.535149
232074,11.535149
232075,11.417476
232076,12.007416
232077,12.054143
232078,12.179191
232079,11.143763
232080,11.143763
232081,11.487561
232082,12.255146
232083,11.5933075
232084,12.065422
232085,11.453207
232086,11.453207
232088,12.43051
232089,12.692132
232090,12.463127
232092,13.002216
232093,12.877051
232094,10.652476
232096,11.535149
232100,12.054143
232101,12.179191
232102,11.010876
232103,11.143763
232104,12.255146
232105,11.5933075
232106,12.065422
232107,11.338989
232108,12.43051
232109,12.692132
232110,12.463127
232113,14.046194
232115,14.671046
232116,14.671046
232118,12.007416
232119,12.054143
232120,12.179191
232122,11.143763
232124,12.065422
232125,14.686434
232126,11.67522
232128,12.43051
232129,12.657165
232130,12.42816
232133,11.535149
232134,11.535149
232135,11.303258
232137,12.007416
232138,12.054143
232139,12.179191
232140,11.143763
232141,11.143763
232142,11.487561
232143,12.255146
232144,11.786878
232145,12.255146
232146,11.338989
232147,11.338989
232148,12.43051
232149,12.657165
232150,12.463127
232152,14.171359
232153,14.046194
232155,15.143313
232156,15.143313
232157,11.775525
232158,12.179191
232159,12.225918
232160,12.179191
232162,11.487561
232163,12.065422
232164,11.909043
232165,12.065422
232166,11.338989
232167,11.338989
232168,12.563396
232169,12.657165
232172,14.14359
232173,14.018425
232179,12.297779
232180,12.297779
232181,12.065888
232182,12.469554
232183,12.516281
232184,12.469554
232188,12.355785
232189,12.199407
232190,12.355785
232191,12.85376
232192,12.947528
232195,14.308788
232196,11.617719
232197,12.740327
232198,12.740327
232199,12.508436
232200,12.912102
232201,12.958829
232202,12.912102
232206,12.798333
232207,12.641954
232208,15.934231
232209,13.296308
232210,13.390076
232211,13.161071
232213,14.876501
232214,13.582193
232217,12.26806
232219,12.740327
232220,12.787054
232221,12.912102
232222,11.782697
232225,12.988057
232226,12.326219
232227,12.798333
232228,12.0719
232229,12.0719
232230,13.163421
232231,13.425043
232232,13.196038
232233,15.047335
232234,14.90427
232235,14.779105
232237,12.210338
232239,12.270764
232240,12.913898
232241,14.172602
232244,13.085673
232245,13.1324005
232246,13.085673
232249,12.971905
232250,12.815526
232251,13.161629
232252,12.245472
232253,12.245472
232255,13.469879
232256,13.563647
232257,13.334642
232259,15.050073
232260,14.924908
232262,12.233838
232265,12.441631
232266,12.441631
232267,12.209741
232269,12.913898
232270,12.960626
232271,13.085673
232275,12.971905
232276,12.69336
232277,12.971905
232278,12.245472
232279,12.245472
232280,13.336992
232281,13.563647
232282,13.334642
232285,14.952677
232286,12.383909
232287,12.89767
